{"type":"FeatureCollection","name":"ship_bottom_road_centerlines","metadata":{"source":"NJOGIS NG911 Road Centerlines (Tran_road)","url":"https://services2.arcgis.com/XVOqAjTOJ5P6ngMu/arcgis/rest/services/Tran_road/FeatureServer/0","query_url":"https://services2.arcgis.com/XVOqAjTOJ5P6ngMu/arcgis/rest/services/Tran_road/FeatureServer/0/query","retrieved_at_utc":"2026-09-04T20:06:07.224193+00:00","source_last_edit_date":1785341586960,"out_sr":4326,"query_envelope_wgs84":[-74.1997571,39.6350469,-74.1706266,39.6566751],"spatial_relationship":"esriSpatialRelIntersects","boundary_file":"ship_bottom_boundary.geojson","boundary_sha256":"146c3368f04d66175692cf857d2d446abc48138238f785886de2c4b02b8811f8","fields":["OBJECTID","PRIMENAME","ELEVTYP_F","ELEVTYP_T"],"feature_count":380,"complete_objectid_inventory_verified":true,"municipal_clipping":"Envelope selection only; clip against the actual municipal boundary in the application."},"features":[{"type":"Feature","id":405,"properties":{"OBJECTID":405,"PRIMENAME":"Long Beach Boulevard","ELEVTYP_F":0,"ELEVTYP_T":0},"geometry":{"type":"LineString","coordinates":[[-74.1874698894572,39.6347682100684],[-74.187457382821,39.6347856926867],[-74.1871832428921,39.6351672158157]]}},{"type":"Feature","id":711,"properties":{"OBJECTID":711,"PRIMENAME":"FR RT 72 WB to RT 72 EB","ELEVTYP_F":0,"ELEVTYP_T":0},"geometry":{"type":"LineString","coordinates":[[-74.183023496215,39.6530274520914],[-74.1830389465793,39.6530092898844],[-74.1830529912373,39.6529904579968],[-74.1830655817646,39.652971021361],[-74.1830766747502,39.6529510469943],[-74.183086231947,39.6529306037679],[-74.1830942204033,39.6529097621698],[-74.1831006125766,39.6528885940614],[-74.1831053864281,39.6528671724298],[-74.1831054690955,39.6528454049316],[-74.1831039795058,39.6528236678154],[-74.1831009223068,39.652802028886],[-74.1830963070364,39.6527805556416],[-74.1830889728214,39.6527558024004],[-74.1830795688604,39.6527314708948],[-74.1830681350776,39.6527076644177],[-74.183054720014,39.6526844840331],[-74.1830475034329,39.6526692359599],[-74.1830393327313,39.6526542783151],[-74.1830302273836,39.6526396467482],[-74.1830202090917,39.6526253761318],[-74.1830093017337,39.6526115004781],[-74.1829975313062,39.6525980528578],[-74.182984925863,39.6525850653216],[-74.1829715154481,39.6525725688236]]}},{"type":"Feature","id":712,"properties":{"OBJECTID":712,"PRIMENAME":"Unnamed Segment","ELEVTYP_F":0,"ELEVTYP_T":0},"geometry":{"type":"LineString","coordinates":[[-74.1733695385985,39.6501422005944],[-74.1735783977494,39.6498881396313],[-74.1736084253381,39.649861949687],[-74.1736349501913,39.6498481587896]]}},{"type":"Feature","id":2185,"properties":{"OBJECTID":2185,"PRIMENAME":"Shore Avenue","ELEVTYP_F":0,"ELEVTYP_T":0},"geometry":{"type":"LineString","coordinates":[[-74.183225608707,39.6536697708566],[-74.1832464473423,39.6536644735602],[-74.1832848384162,39.6536574676372],[-74.1833989473235,39.6536365279595]]}},{"type":"Feature","id":2683,"properties":{"OBJECTID":2683,"PRIMENAME":"1st Street","ELEVTYP_F":0,"ELEVTYP_T":0},"geometry":{"type":"LineString","coordinates":[[-74.1890485422844,39.6549495287039],[-74.1890489063927,39.6549499305174],[-74.1890626213667,39.6549885972864],[-74.1890680013978,39.6550164785437],[-74.1890596100443,39.6550422088481],[-74.189042807876,39.6550743417656],[-74.1889199651916,39.6552370146051],[-74.1889055236953,39.6552652823518],[-74.1888994274223,39.6552861871066],[-74.1889030779443,39.6553117577887],[-74.1889060627503,39.6553155633929],[-74.1889167807092,39.6553292287248],[-74.188944405409,39.6553550554743],[-74.1890025187558,39.6553938132158],[-74.1891728711413,39.6555200416166]]}},{"type":"Feature","id":2761,"properties":{"OBJECTID":2761,"PRIMENAME":"Circle Drive","ELEVTYP_F":0,"ELEVTYP_T":0},"geometry":{"type":"LineString","coordinates":[[-74.1883614644357,39.6544459046154],[-74.1884266537442,39.6544828143561],[-74.1885069251723,39.6545302250506],[-74.1885677629183,39.6545711323309],[-74.1886479683382,39.6546335602452],[-74.1887437832486,39.6547159908075]]}},{"type":"Feature","id":4593,"properties":{"OBJECTID":4593,"PRIMENAME":"Shore Avenue","ELEVTYP_F":0,"ELEVTYP_T":0},"geometry":{"type":"LineString","coordinates":[[-74.1818217107778,39.6553833972512],[-74.1818675593526,39.6553381118617],[-74.1822431002486,39.6548576018821]]}},{"type":"Feature","id":4657,"properties":{"OBJECTID":4657,"PRIMENAME":"West 19th Street","ELEVTYP_F":0,"ELEVTYP_T":0},"geometry":{"type":"LineString","coordinates":[[-74.1850384067575,39.6451414876592],[-74.1836654945098,39.6444751503424],[-74.1824880615278,39.6438971060963],[-74.1821019994848,39.6437103696026]]}},{"type":"Feature","id":4743,"properties":{"OBJECTID":4743,"PRIMENAME":"Long Beach Boulevard","ELEVTYP_F":0,"ELEVTYP_T":0},"geometry":{"type":"LineString","coordinates":[[-74.1758305440226,39.6495710786894],[-74.1755845269905,39.6498742116486],[-74.1755368815659,39.649931377837]]}},{"type":"Feature","id":5519,"properties":{"OBJECTID":5519,"PRIMENAME":"West 5th Street","ELEVTYP_F":0,"ELEVTYP_T":0},"geometry":{"type":"LineString","coordinates":[[-74.1745972181396,39.652031878429],[-74.1751439985924,39.6522993407912]]}},{"type":"Feature","id":5888,"properties":{"OBJECTID":5888,"PRIMENAME":"West 4th Street","ELEVTYP_F":0,"ELEVTYP_T":0},"geometry":{"type":"LineString","coordinates":[[-74.1777861421947,39.6547556544157],[-74.1793408968157,39.6554952916482],[-74.1804685597208,39.6560426166852]]}},{"type":"Feature","id":6496,"properties":{"OBJECTID":6496,"PRIMENAME":"West 6th Street","ELEVTYP_F":0,"ELEVTYP_T":0},"geometry":{"type":"LineString","coordinates":[[-74.1789353544638,39.6532578575291],[-74.17888734661,39.6532345239036],[-74.1756549421176,39.6516633122702]]}},{"type":"Feature","id":8030,"properties":{"OBJECTID":8030,"PRIMENAME":"West 19th Street","ELEVTYP_F":0,"ELEVTYP_T":0},"geometry":{"type":"LineString","coordinates":[[-74.1853831621087,39.6453087730251],[-74.1850384067575,39.6451414876592]]}},{"type":"Feature","id":8092,"properties":{"OBJECTID":8092,"PRIMENAME":"East 19th Street","ELEVTYP_F":0,"ELEVTYP_T":0},"geometry":{"type":"LineString","coordinates":[[-74.1807869615945,39.6430743852505],[-74.1806683652732,39.6430169797256],[-74.1793950389852,39.6423900171925]]}},{"type":"Feature","id":9063,"properties":{"OBJECTID":9063,"PRIMENAME":"Ocean Boulevard","ELEVTYP_F":0,"ELEVTYP_T":0},"geometry":{"type":"LineString","coordinates":[[-74.1848322860118,39.6355259626936],[-74.1850527814958,39.6351967818639],[-74.1850584467109,39.6351883255341],[-74.1851558486249,39.6350390131287]]}},{"type":"Feature","id":9354,"properties":{"OBJECTID":9354,"PRIMENAME":"West 19th Street","ELEVTYP_F":0,"ELEVTYP_T":0},"geometry":{"type":"LineString","coordinates":[[-74.1869153505647,39.6460466012879],[-74.1853831621087,39.6453087730251]]}},{"type":"Feature","id":10340,"properties":{"OBJECTID":10340,"PRIMENAME":"East Ship Bottom Avenue","ELEVTYP_F":0,"ELEVTYP_T":0},"geometry":{"type":"LineString","coordinates":[[-74.1847161546655,39.6385879068167],[-74.1845730113507,39.63851753427],[-74.1837908580074,39.6381276559703]]}},{"type":"Feature","id":11618,"properties":{"OBJECTID":11618,"PRIMENAME":"South 2nd Street","ELEVTYP_F":0,"ELEVTYP_T":0},"geometry":{"type":"LineString","coordinates":[[-74.1768643438357,39.6556974723197],[-74.1769304384754,39.6557293395491],[-74.1769765461798,39.6557515418382]]}},{"type":"Feature","id":13385,"properties":{"OBJECTID":13385,"PRIMENAME":"Central Avenue","ELEVTYP_F":0,"ELEVTYP_T":0},"geometry":{"type":"LineString","coordinates":[[-74.1806335237662,39.6455267661222],[-74.1802943904911,39.6459451301331],[-74.1801251227749,39.6461547246761]]}},{"type":"Feature","id":13812,"properties":{"OBJECTID":13812,"PRIMENAME":"Central Avenue","ELEVTYP_F":0,"ELEVTYP_T":0},"geometry":{"type":"LineString","coordinates":[[-74.1816149020705,39.6443143707614],[-74.1813398844336,39.6446553255371],[-74.1811264458078,39.644918611982]]}},{"type":"Feature","id":18645,"properties":{"OBJECTID":18645,"PRIMENAME":"South 1st Street","ELEVTYP_F":0,"ELEVTYP_T":0},"geometry":{"type":"LineString","coordinates":[[-74.1731591073759,39.6547347366992],[-74.1727827334964,39.6545500289122],[-74.1721124824222,39.6542299052437]]}},{"type":"Feature","id":20005,"properties":{"OBJECTID":20005,"PRIMENAME":"Central Avenue","ELEVTYP_F":0,"ELEVTYP_T":0},"geometry":{"type":"LineString","coordinates":[[-74.1751439985924,39.6522993407912],[-74.1746414415075,39.6529249299317]]}},{"type":"Feature","id":20304,"properties":{"OBJECTID":20304,"PRIMENAME":"West 22nd Street","ELEVTYP_F":0,"ELEVTYP_T":0},"geometry":{"type":"LineString","coordinates":[[-74.1825109065831,39.6413241384483],[-74.1827545386347,39.6414440156127],[-74.183607508,39.641855261552]]}},{"type":"Feature","id":20972,"properties":{"OBJECTID":20972,"PRIMENAME":"Old Bay Avenue","ELEVTYP_F":0,"ELEVTYP_T":0},"geometry":{"type":"LineString","coordinates":[[-74.1930269681915,39.657803779408],[-74.1926610436036,39.657642142978],[-74.1903856415992,39.6566389284816]]}},{"type":"Feature","id":21196,"properties":{"OBJECTID":21196,"PRIMENAME":"East Bay Terrace","ELEVTYP_F":0,"ELEVTYP_T":0},"geometry":{"type":"LineString","coordinates":[[-74.1850384067575,39.6451414876592],[-74.1851275321048,39.6442989610872]]}},{"type":"Feature","id":21289,"properties":{"OBJECTID":21289,"PRIMENAME":"North 1st Street","ELEVTYP_F":0,"ELEVTYP_T":0},"geometry":{"type":"LineString","coordinates":[[-74.1715945271068,39.6557287892669],[-74.1710913410617,39.6554858966596]]}},{"type":"Feature","id":23184,"properties":{"OBJECTID":23184,"PRIMENAME":"West 16th Street","ELEVTYP_F":0,"ELEVTYP_T":0},"geometry":{"type":"LineString","coordinates":[[-74.1839074509873,39.6471264537723],[-74.1854356580807,39.6478626700475]]}},{"type":"Feature","id":26765,"properties":{"OBJECTID":26765,"PRIMENAME":"East 25th Street","ELEVTYP_F":0,"ELEVTYP_T":0},"geometry":{"type":"LineString","coordinates":[[-74.1840061548806,39.6394857982922],[-74.1821461793916,39.6385824128002]]}},{"type":"Feature","id":27281,"properties":{"OBJECTID":27281,"PRIMENAME":"Long Beach Boulevard","ELEVTYP_F":0,"ELEVTYP_T":0},"geometry":{"type":"LineString","coordinates":[[-74.1820298500384,39.6419239848952],[-74.1815173608548,39.6425541078287]]}},{"type":"Feature","id":27660,"properties":{"OBJECTID":27660,"PRIMENAME":"West 27th Street","ELEVTYP_F":0,"ELEVTYP_T":0},"geometry":{"type":"LineString","coordinates":[[-74.1885776267112,39.640062515677],[-74.1886442468706,39.6401018729782],[-74.1886901387251,39.6401387867674],[-74.1887453762074,39.640190385509],[-74.1887933167869,39.6402220055539],[-74.1888451338494,39.6402366682772],[-74.1889005307921,39.6402365968651],[-74.1889486416708,39.6402224215758],[-74.1889857824391,39.6401996227092],[-74.189015478342,39.6401739773035],[-74.1890341202796,39.6401425635336],[-74.1890416825666,39.6401111192009],[-74.1890418362566,39.6400768005154],[-74.1890271564582,39.6400481808862],[-74.189009490367,39.6400282005917],[-74.188982934678,39.6400108600518],[-74.1889534180233,39.6399965039145],[-74.1889201605525,39.6399849661499],[-74.1888868995422,39.6399820216521],[-74.1888498847875,39.6399847779322],[-74.1888165620709,39.6399875440909],[-74.1887536447156,39.6400016796547]]}},{"type":"Feature","id":28008,"properties":{"OBJECTID":28008,"PRIMENAME":"Barnegat Avenue","ELEVTYP_F":0,"ELEVTYP_T":0},"geometry":{"type":"LineString","coordinates":[[-74.1817185619863,39.6498148016413],[-74.1814206871596,39.6501863609677]]}},{"type":"Feature","id":28218,"properties":{"OBJECTID":28218,"PRIMENAME":"East 7th Street","ELEVTYP_F":0,"ELEVTYP_T":0},"geometry":{"type":"LineString","coordinates":[[-74.1736349501913,39.6498481587896],[-74.1750393453422,39.6505283477867]]}},{"type":"Feature","id":32820,"properties":{"OBJECTID":32820,"PRIMENAME":"West 28th Street","ELEVTYP_F":0,"ELEVTYP_T":0},"geometry":{"type":"LineString","coordinates":[[-74.1874380392603,39.6384838208863],[-74.187245032283,39.6384012616244]]}},{"type":"Feature","id":33526,"properties":{"OBJECTID":33526,"PRIMENAME":"East 26th Street","ELEVTYP_F":0,"ELEVTYP_T":0},"geometry":{"type":"LineString","coordinates":[[-74.1835749616774,39.6383990951725],[-74.1845136879217,39.6388582582392]]}},{"type":"Feature","id":34218,"properties":{"OBJECTID":34218,"PRIMENAME":"Long Beach Boulevard","ELEVTYP_F":0,"ELEVTYP_T":0},"geometry":{"type":"LineString","coordinates":[[-74.1854260711546,39.6376176648511],[-74.1854237485943,39.6376208986097],[-74.1850607751688,39.6381277018775]]}},{"type":"Feature","id":37774,"properties":{"OBJECTID":37774,"PRIMENAME":"22nd Street","ELEVTYP_F":0,"ELEVTYP_T":0},"geometry":{"type":"LineString","coordinates":[[-74.1856224645193,39.6428283673547],[-74.1857332343689,39.6428820679372],[-74.1858624398505,39.6429424893238]]}},{"type":"Feature","id":38673,"properties":{"OBJECTID":38673,"PRIMENAME":"East 14th Street","ELEVTYP_F":0,"ELEVTYP_T":0},"geometry":{"type":"LineString","coordinates":[[-74.176924409575,39.6454719212809],[-74.1785115614974,39.6462551773635]]}},{"type":"Feature","id":39810,"properties":{"OBJECTID":39810,"PRIMENAME":"West 15th Street","ELEVTYP_F":0,"ELEVTYP_T":0},"geometry":{"type":"LineString","coordinates":[[-74.1801251227749,39.6461547246761],[-74.1798370015663,39.6460147603644],[-74.1790259689308,39.6456214487944]]}},{"type":"Feature","id":41393,"properties":{"OBJECTID":41393,"PRIMENAME":"Central Avenue","ELEVTYP_F":0,"ELEVTYP_T":0},"geometry":{"type":"LineString","coordinates":[[-74.1776724926755,39.6491780759224],[-74.1772010306236,39.6497636500825]]}},{"type":"Feature","id":45425,"properties":{"OBJECTID":45425,"PRIMENAME":"Long Beach Boulevard","ELEVTYP_F":0,"ELEVTYP_T":0},"geometry":{"type":"LineString","coordinates":[[-74.1745451742294,39.6511329571159],[-74.174033526073,39.6517589020071]]}},{"type":"Feature","id":47327,"properties":{"OBJECTID":47327,"PRIMENAME":"Long Beach Boulevard","ELEVTYP_F":0,"ELEVTYP_T":0},"geometry":{"type":"LineString","coordinates":[[-74.174033526073,39.6517589020071],[-74.1735226543793,39.6523914646425]]}},{"type":"Feature","id":47680,"properties":{"OBJECTID":47680,"PRIMENAME":"West 13th Street","ELEVTYP_F":0,"ELEVTYP_T":0},"geometry":{"type":"LineString","coordinates":[[-74.1823997469535,39.6489800761361],[-74.1804492256654,39.6480298251112],[-74.1794599495587,39.6475523426557],[-74.1791217858508,39.6473887367006]]}},{"type":"Feature","id":49979,"properties":{"OBJECTID":49979,"PRIMENAME":"Union Avenue","ELEVTYP_F":0,"ELEVTYP_T":0},"geometry":{"type":"LineString","coordinates":[[-74.1837908580074,39.6381276559703],[-74.1840955956019,39.6377555039637],[-74.1841513609867,39.6376898728083]]}},{"type":"Feature","id":53715,"properties":{"OBJECTID":53715,"PRIMENAME":"Long Beach Boulevard","ELEVTYP_F":0,"ELEVTYP_T":0},"geometry":{"type":"LineString","coordinates":[[-74.1845136879217,39.6388582582392],[-74.1840061548806,39.6394857982922]]}},{"type":"Feature","id":53798,"properties":{"OBJECTID":53798,"PRIMENAME":"Barnegat Avenue","ELEVTYP_F":0,"ELEVTYP_T":0},"geometry":{"type":"LineString","coordinates":[[-74.182893476404,39.6483760083402],[-74.182593111169,39.6487435006437]]}},{"type":"Feature","id":54801,"properties":{"OBJECTID":54801,"PRIMENAME":"Drexel Avenue","ELEVTYP_F":0,"ELEVTYP_T":0},"geometry":{"type":"LineString","coordinates":[[-74.1753459241833,39.6511054089054],[-74.1751030027601,39.6514060236713]]}},{"type":"Feature","id":55632,"properties":{"OBJECTID":55632,"PRIMENAME":"Barnegat Avenue","ELEVTYP_F":0,"ELEVTYP_T":0},"geometry":{"type":"LineString","coordinates":[[-74.1853831621087,39.6453087730251],[-74.1852348181362,39.6454817796907],[-74.1848972186734,39.6459049110572]]}},{"type":"Feature","id":55925,"properties":{"OBJECTID":55925,"PRIMENAME":"East 17th Street","ELEVTYP_F":0,"ELEVTYP_T":0},"geometry":{"type":"LineString","coordinates":[[-74.1800254983323,39.6443917927011],[-74.1784855976321,39.6436407559441]]}},{"type":"Feature","id":56586,"properties":{"OBJECTID":56586,"PRIMENAME":"Long Beach Boulevard","ELEVTYP_F":0,"ELEVTYP_T":0},"geometry":{"type":"LineString","coordinates":[[-74.1864173584814,39.6362331628433],[-74.1862196862063,39.6365092429548]]}},{"type":"Feature","id":60493,"properties":{"OBJECTID":60493,"PRIMENAME":"East 6th Street","ELEVTYP_F":0,"ELEVTYP_T":0},"geometry":{"type":"LineString","coordinates":[[-74.1745451742294,39.6511329571159],[-74.1742735247209,39.6509999980597],[-74.1729704773374,39.6503757379109]]}},{"type":"Feature","id":62149,"properties":{"OBJECTID":62149,"PRIMENAME":"East Bay Avenue","ELEVTYP_F":0,"ELEVTYP_T":0},"geometry":{"type":"LineString","coordinates":[[-74.1872567821462,39.6552776025781],[-74.1874912568704,39.6553770724154]]}},{"type":"Feature","id":62650,"properties":{"OBJECTID":62650,"PRIMENAME":"East 21st Street","ELEVTYP_F":0,"ELEVTYP_T":0},"geometry":{"type":"LineString","coordinates":[[-74.1818065165092,39.6418151439309],[-74.1820298500384,39.6419239848952]]}},{"type":"Feature","id":65206,"properties":{"OBJECTID":65206,"PRIMENAME":"Central Avenue","ELEVTYP_F":0,"ELEVTYP_T":0},"geometry":{"type":"LineString","coordinates":[[-74.1821019994848,39.6437103696026],[-74.1816149020705,39.6443143707614]]}},{"type":"Feature","id":65882,"properties":{"OBJECTID":65882,"PRIMENAME":"Ocean Terrace","ELEVTYP_F":0,"ELEVTYP_T":0},"geometry":{"type":"LineString","coordinates":[[-74.1736349501913,39.6498481587896],[-74.1736586724246,39.6498336745321],[-74.1737057061724,39.6497859798095],[-74.1737359705385,39.6497473248522],[-74.1741403630892,39.6492467977538]]}},{"type":"Feature","id":66651,"properties":{"OBJECTID":66651,"PRIMENAME":"Shore Avenue","ELEVTYP_F":0,"ELEVTYP_T":0},"geometry":{"type":"LineString","coordinates":[[-74.1837257733779,39.653583839247],[-74.1840105801584,39.6535407824496]]}},{"type":"Feature","id":66936,"properties":{"OBJECTID":66936,"PRIMENAME":"West 19th Street","ELEVTYP_F":0,"ELEVTYP_T":0},"geometry":{"type":"LineString","coordinates":[[-74.1821019994848,39.6437103696026],[-74.1814986566335,39.6434185693622]]}},{"type":"Feature","id":67328,"properties":{"OBJECTID":67328,"PRIMENAME":"4th Street","ELEVTYP_F":0,"ELEVTYP_T":0},"geometry":{"type":"LineString","coordinates":[[-74.1870678983226,39.6547484703333],[-74.1873191903978,39.6545441932383],[-74.1875182137076,39.6543774214088],[-74.1876840641797,39.6542384449133],[-74.1877871041198,39.6541593486265],[-74.1878148823081,39.6541508570483],[-74.1878426569191,39.6541509316957]]}},{"type":"Feature","id":68309,"properties":{"OBJECTID":68309,"PRIMENAME":"East Bay Avenue","ELEVTYP_F":0,"ELEVTYP_T":0},"geometry":{"type":"LineString","coordinates":[[-74.1833540682431,39.6527178485975],[-74.1829801923235,39.6525602700864]]}},{"type":"Feature","id":68395,"properties":{"OBJECTID":68395,"PRIMENAME":"West 5th Street","ELEVTYP_F":0,"ELEVTYP_T":0},"geometry":{"type":"LineString","coordinates":[[-74.174033526073,39.6517589020071],[-74.1744503356962,39.6519600004193],[-74.1745972181396,39.652031878429]]}},{"type":"Feature","id":69764,"properties":{"OBJECTID":69764,"PRIMENAME":"West 7th Street","ELEVTYP_F":0,"ELEVTYP_T":0},"geometry":{"type":"LineString","coordinates":[[-74.1750393453422,39.6505283477867],[-74.1761431566361,39.651062909835]]}},{"type":"Feature","id":71108,"properties":{"OBJECTID":71108,"PRIMENAME":"Long Beach Boulevard","ELEVTYP_F":0,"ELEVTYP_T":0},"geometry":{"type":"LineString","coordinates":[[-74.1721124824222,39.6542299052437],[-74.1716022461239,39.6548558159957]]}},{"type":"Feature","id":72054,"properties":{"OBJECTID":72054,"PRIMENAME":"Shore Avenue","ELEVTYP_F":0,"ELEVTYP_T":0},"geometry":{"type":"LineString","coordinates":[[-74.1842658303762,39.6523816288774],[-74.1838984748975,39.6528255969902],[-74.1838765125918,39.6528750394759],[-74.1838723659337,39.6529120098597],[-74.1838710907395,39.6529425368036]]}},{"type":"Feature","id":72404,"properties":{"OBJECTID":72404,"PRIMENAME":"Manning Drive","ELEVTYP_F":0,"ELEVTYP_T":0},"geometry":{"type":"LineString","coordinates":[[-74.1871809898876,39.6564192079129],[-74.1872005143917,39.6564136865853],[-74.1872190356465,39.6564024526279],[-74.1872397010258,39.6563803792769],[-74.1872911070115,39.6563073218365],[-74.1874018458213,39.6561600482211]]}},{"type":"Feature","id":72636,"properties":{"OBJECTID":72636,"PRIMENAME":"South 1st Street","ELEVTYP_F":0,"ELEVTYP_T":0},"geometry":{"type":"LineString","coordinates":[[-74.1763742513983,39.6562987782066],[-74.1756335618833,39.6559415780529],[-74.1750350879277,39.6556553313566],[-74.1731591073759,39.6547347366992]]}},{"type":"Feature","id":73766,"properties":{"OBJECTID":73766,"PRIMENAME":"Northeast Drive","ELEVTYP_F":0,"ELEVTYP_T":0},"geometry":{"type":"LineString","coordinates":[[-74.1880496994941,39.6542603206429],[-74.1875907034598,39.6546371464934]]}},{"type":"Feature","id":74669,"properties":{"OBJECTID":74669,"PRIMENAME":"West 5th Street","ELEVTYP_F":0,"ELEVTYP_T":0},"geometry":{"type":"LineString","coordinates":[[-74.1751439985924,39.6522993407912],[-74.1756204064117,39.6525324219655],[-74.1784378636071,39.6538690360251]]}},{"type":"Feature","id":75035,"properties":{"OBJECTID":75035,"PRIMENAME":"12th Street","ELEVTYP_F":0,"ELEVTYP_T":0},"geometry":{"type":"LineString","coordinates":[[-74.1786297442022,39.6479908979998],[-74.178691978569,39.6480208511705],[-74.1789097981368,39.6481256815979],[-74.181907723154,39.6495820593647]]}},{"type":"Feature","id":75753,"properties":{"OBJECTID":75753,"PRIMENAME":"South Central Avenue","ELEVTYP_F":0,"ELEVTYP_T":0},"geometry":{"type":"LineString","coordinates":[[-74.1741369001911,39.6535249494458],[-74.1740049920067,39.653697548004],[-74.1736466864995,39.6541351945623]]}},{"type":"Feature","id":75852,"properties":{"OBJECTID":75852,"PRIMENAME":"West 6th Street","ELEVTYP_F":0,"ELEVTYP_T":0},"geometry":{"type":"LineString","coordinates":[[-74.1756549421176,39.6516633122702],[-74.1754621314852,39.6515695899126],[-74.1751030027601,39.6514060236713]]}},{"type":"Feature","id":76894,"properties":{"OBJECTID":76894,"PRIMENAME":"East 18th Street","ELEVTYP_F":0,"ELEVTYP_T":0},"geometry":{"type":"LineString","coordinates":[[-74.1803086027576,39.6436763449573],[-74.1805237990126,39.6437796474167]]}},{"type":"Feature","id":77182,"properties":{"OBJECTID":77182,"PRIMENAME":"Central Avenue","ELEVTYP_F":0,"ELEVTYP_T":0},"geometry":{"type":"LineString","coordinates":[[-74.1865547539833,39.6381059889478],[-74.1864582678116,39.6382457099799]]}},{"type":"Feature","id":78320,"properties":{"OBJECTID":78320,"PRIMENAME":"West 6th Street","ELEVTYP_F":0,"ELEVTYP_T":0},"geometry":{"type":"LineString","coordinates":[[-74.1822431002486,39.6548576018821],[-74.1789353544638,39.6532578575291]]}},{"type":"Feature","id":78606,"properties":{"OBJECTID":78606,"PRIMENAME":"East 32nd Street","ELEVTYP_F":0,"ELEVTYP_T":0},"geometry":{"type":"LineString","coordinates":[[-74.1867723839906,39.6357390741269],[-74.1851558486249,39.6350390131287]]}},{"type":"Feature","id":78755,"properties":{"OBJECTID":78755,"PRIMENAME":"East 24th Street","ELEVTYP_F":0,"ELEVTYP_T":0},"geometry":{"type":"LineString","coordinates":[[-74.1817583049843,39.6392705891355],[-74.1834950408843,39.6401101961379]]}},{"type":"Feature","id":78811,"properties":{"OBJECTID":78811,"PRIMENAME":"Barnegat Avenue","ELEVTYP_F":0,"ELEVTYP_T":0},"geometry":{"type":"LineString","coordinates":[[-74.1839074509873,39.6471264537723],[-74.1834041790603,39.6477476045997]]}},{"type":"Feature","id":79030,"properties":{"OBJECTID":79030,"PRIMENAME":"Shore Avenue","ELEVTYP_F":0,"ELEVTYP_T":0},"geometry":{"type":"LineString","coordinates":[[-74.1838710907395,39.6529425368036],[-74.1838590305389,39.653219747591]]}},{"type":"Feature","id":79038,"properties":{"OBJECTID":79038,"PRIMENAME":"South 1st Street","ELEVTYP_F":0,"ELEVTYP_T":0},"geometry":{"type":"LineString","coordinates":[[-74.1721124824222,39.6542299052437],[-74.1717527822456,39.6540580626133],[-74.1709070708115,39.6536575681866]]}},{"type":"Feature","id":81380,"properties":{"OBJECTID":81380,"PRIMENAME":"Central Avenue","ELEVTYP_F":0,"ELEVTYP_T":0},"geometry":{"type":"LineString","coordinates":[[-74.1831214115508,39.6424557842253],[-74.1826120471828,39.6430872112564]]}},{"type":"Feature","id":81957,"properties":{"OBJECTID":81957,"PRIMENAME":"Shore Avenue","ELEVTYP_F":0,"ELEVTYP_T":0},"geometry":{"type":"LineString","coordinates":[[-74.1850340457353,39.6514251409476],[-74.1847346555352,39.6517966217042]]}},{"type":"Feature","id":84631,"properties":{"OBJECTID":84631,"PRIMENAME":"South Barnegat Avenue","ELEVTYP_F":0,"ELEVTYP_T":0},"geometry":{"type":"LineString","coordinates":[[-74.1769765461798,39.6557515418382],[-74.1774660611249,39.6551476654693]]}},{"type":"Feature","id":85660,"properties":{"OBJECTID":85660,"PRIMENAME":"North 2nd Street","ELEVTYP_F":0,"ELEVTYP_T":0},"geometry":{"type":"LineString","coordinates":[[-74.170600576578,39.6560914035108],[-74.1716521994466,39.6566020841972]]}},{"type":"Feature","id":85764,"properties":{"OBJECTID":85764,"PRIMENAME":"West 17th Street","ELEVTYP_F":0,"ELEVTYP_T":0},"geometry":{"type":"LineString","coordinates":[[-74.1859357241443,39.6472555590409],[-74.1844379246769,39.6465259489073],[-74.184406393857,39.6465105881114]]}},{"type":"Feature","id":86722,"properties":{"OBJECTID":86722,"PRIMENAME":"Unnamed Segment","ELEVTYP_F":0,"ELEVTYP_T":0},"geometry":{"type":"LineString","coordinates":[[-74.1807869615945,39.6430743852505],[-74.1812956546225,39.6424460945524]]}},{"type":"Feature","id":86874,"properties":{"OBJECTID":86874,"PRIMENAME":"East Bay Avenue","ELEVTYP_F":0,"ELEVTYP_T":0},"geometry":{"type":"LineString","coordinates":[[-74.1863370053789,39.6553039773719],[-74.1864784127372,39.655153245634],[-74.1865593037188,39.6550633562916],[-74.1865926272759,39.6550462867089],[-74.1866315579001,39.6550378255074],[-74.1866676352923,39.655040063946],[-74.1867064536039,39.6550487348972],[-74.1867479885994,39.6550617233051],[-74.1870901420838,39.65520689709],[-74.1872567821462,39.6552776025781]]}},{"type":"Feature","id":87637,"properties":{"OBJECTID":87637,"PRIMENAME":"South 1st Street","ELEVTYP_F":0,"ELEVTYP_T":0},"geometry":{"type":"LineString","coordinates":[[-74.1764886505019,39.65635395234],[-74.1764407009106,39.6563308385628],[-74.1763742513983,39.6562987782066]]}},{"type":"Feature","id":88159,"properties":{"OBJECTID":88159,"PRIMENAME":"Long Beach Boulevard","ELEVTYP_F":0,"ELEVTYP_T":0},"geometry":{"type":"LineString","coordinates":[[-74.1751128150927,39.6504401741562],[-74.1750393453422,39.6505283477867]]}},{"type":"Feature","id":88290,"properties":{"OBJECTID":88290,"PRIMENAME":"Bay Terrace","ELEVTYP_F":0,"ELEVTYP_T":0},"geometry":{"type":"LineString","coordinates":[[-74.1869153505647,39.6460466012879],[-74.1877768336396,39.6449935106748],[-74.1877896143025,39.6449706746566],[-74.1877939174055,39.6449535266887],[-74.1877918574273,39.6449379811899],[-74.1877803070285,39.6449240585786],[-74.1877571186427,39.6449076600124],[-74.1877259615369,39.6448926235911]]}},{"type":"Feature","id":88299,"properties":{"OBJECTID":88299,"PRIMENAME":"Barnegat Avenue","ELEVTYP_F":0,"ELEVTYP_T":0},"geometry":{"type":"LineString","coordinates":[[-74.182593111169,39.6487435006437],[-74.1823997469535,39.6489800761361]]}},{"type":"Feature","id":88451,"properties":{"OBJECTID":88451,"PRIMENAME":"West 8th Street","ELEVTYP_F":0,"ELEVTYP_T":0},"geometry":{"type":"LineString","coordinates":[[-74.179996137085,39.6519477365557],[-74.1813272586878,39.6525966775328],[-74.1816779272006,39.6527663796606],[-74.1818145582697,39.6528296812302],[-74.1819400893022,39.652881503564],[-74.1821026120055,39.6529448486671],[-74.1822097045212,39.6529823161494],[-74.1823094703295,39.6530140805888],[-74.1824166385131,39.6530429539208],[-74.1825090473075,39.6530603660554],[-74.1826191239512,39.653074257577],[-74.1826935191315,39.6530775630569],[-74.182774009028,39.6530762182891],[-74.1828434106196,39.6530686378425],[-74.1828927113387,39.6530602341294],[-74.1829611930164,39.6530440848583],[-74.183023496215,39.6530274520914]]}},{"type":"Feature","id":89035,"properties":{"OBJECTID":89035,"PRIMENAME":"East 27th Street","ELEVTYP_F":0,"ELEVTYP_T":0},"geometry":{"type":"LineString","coordinates":[[-74.1841513609867,39.6376898728083],[-74.1850607751688,39.6381277018775]]}},{"type":"Feature","id":90232,"properties":{"OBJECTID":90232,"PRIMENAME":"Long Beach Boulevard","ELEVTYP_F":0,"ELEVTYP_T":0},"geometry":{"type":"LineString","coordinates":[[-74.1834950408843,39.6401101961379],[-74.1830063216565,39.6407198820511]]}},{"type":"Feature","id":90455,"properties":{"OBJECTID":90455,"PRIMENAME":"East 22nd Street","ELEVTYP_F":0,"ELEVTYP_T":0},"geometry":{"type":"LineString","coordinates":[[-74.1822965776884,39.6412186729664],[-74.1825109065831,39.6413241384483]]}},{"type":"Feature","id":90792,"properties":{"OBJECTID":90792,"PRIMENAME":"South 2nd Street","ELEVTYP_F":0,"ELEVTYP_T":0},"geometry":{"type":"LineString","coordinates":[[-74.1777558702085,39.6561270702401],[-74.1781762269248,39.6563296476715],[-74.1791384942469,39.6568000858828],[-74.1792763751781,39.6568674914156]]}},{"type":"Feature","id":91012,"properties":{"OBJECTID":91012,"PRIMENAME":"East 26th Street","ELEVTYP_F":0,"ELEVTYP_T":0},"geometry":{"type":"LineString","coordinates":[[-74.1827075362581,39.6379747959823],[-74.1830732554152,39.6381537051209]]}},{"type":"Feature","id":91984,"properties":{"OBJECTID":91984,"PRIMENAME":"East 8th Street","ELEVTYP_F":0,"ELEVTYP_T":0},"geometry":{"type":"LineString","coordinates":[[-74.1741403630892,39.6492467977538],[-74.1754831268283,39.6499050353118],[-74.1755368815659,39.649931377837]]}},{"type":"Feature","id":92402,"properties":{"OBJECTID":92402,"PRIMENAME":"East 11th Street","ELEVTYP_F":0,"ELEVTYP_T":0},"geometry":{"type":"LineString","coordinates":[[-74.1770497375102,39.648067866387],[-74.1758237658902,39.6474707580107]]}},{"type":"Feature","id":93134,"properties":{"OBJECTID":93134,"PRIMENAME":"West 13th Street","ELEVTYP_F":0,"ELEVTYP_T":0},"geometry":{"type":"LineString","coordinates":[[-74.182593111169,39.6487435006437],[-74.1852347584722,39.6500219510588]]}},{"type":"Feature","id":94012,"properties":{"OBJECTID":94012,"PRIMENAME":"West 4th Street","ELEVTYP_F":0,"ELEVTYP_T":0},"geometry":{"type":"LineString","coordinates":[[-74.1763695132777,39.6537578627488],[-74.1760741703069,39.6536226188485],[-74.1748633972784,39.6530301010287],[-74.1747365653285,39.6529700029248],[-74.1746414415075,39.6529249299317]]}},{"type":"Feature","id":94275,"properties":{"OBJECTID":94275,"PRIMENAME":"South 2nd Street","ELEVTYP_F":0,"ELEVTYP_T":0},"geometry":{"type":"LineString","coordinates":[[-74.1726006144051,39.6536272118453],[-74.1736466864995,39.6541351945623]]}},{"type":"Feature","id":95291,"properties":{"OBJECTID":95291,"PRIMENAME":"Unnamed Segment","ELEVTYP_F":0,"ELEVTYP_T":0},"geometry":{"type":"LineString","coordinates":[[-74.1812956546225,39.6424460945524],[-74.1818065165092,39.6418151439309]]}},{"type":"Feature","id":95649,"properties":{"OBJECTID":95649,"PRIMENAME":"Penna Avenue","ELEVTYP_F":0,"ELEVTYP_T":0},"geometry":{"type":"LineString","coordinates":[[-74.1819936925038,39.6427860649562],[-74.1824971432765,39.6421517140786]]}},{"type":"Feature","id":95695,"properties":{"OBJECTID":95695,"PRIMENAME":"Barnegat Avenue","ELEVTYP_F":0,"ELEVTYP_T":0},"geometry":{"type":"LineString","coordinates":[[-74.181907723154,39.6495820593647],[-74.1817727508087,39.6497472173092],[-74.1817185619863,39.6498148016413]]}},{"type":"Feature","id":95893,"properties":{"OBJECTID":95893,"PRIMENAME":"Central Avenue","ELEVTYP_F":0,"ELEVTYP_T":0},"geometry":{"type":"LineString","coordinates":[[-74.183607508,39.641855261552],[-74.1831214115508,39.6424557842253]]}},{"type":"Feature","id":96140,"properties":{"OBJECTID":96140,"PRIMENAME":"East 12th Street","ELEVTYP_F":0,"ELEVTYP_T":0},"geometry":{"type":"LineString","coordinates":[[-74.1761118482284,39.6467737581334],[-74.1775353041119,39.6474635238953]]}},{"type":"Feature","id":96439,"properties":{"OBJECTID":96439,"PRIMENAME":"East 16th Street","ELEVTYP_F":0,"ELEVTYP_T":0},"geometry":{"type":"LineString","coordinates":[[-74.1779475681713,39.64421634918],[-74.179536867969,39.6449920183369]]}},{"type":"Feature","id":96586,"properties":{"OBJECTID":96586,"PRIMENAME":"Long Beach Boulevard","ELEVTYP_F":0,"ELEVTYP_T":0},"geometry":{"type":"LineString","coordinates":[[-74.1775353041119,39.6474635238953],[-74.1770497375102,39.648067866387]]}},{"type":"Feature","id":96837,"properties":{"OBJECTID":96837,"PRIMENAME":"West Ninth Street","ELEVTYP_F":0,"ELEVTYP_T":0},"geometry":{"type":"LineString","coordinates":[[-74.1829801923235,39.6525602700864],[-74.1828038066096,39.6524859287829]]}},{"type":"Feature","id":97394,"properties":{"OBJECTID":97394,"PRIMENAME":"East Bay Terrace","ELEVTYP_F":0,"ELEVTYP_T":0},"geometry":{"type":"LineString","coordinates":[[-74.1852724760816,39.642658651716],[-74.1856224645193,39.6428283673547]]}},{"type":"Feature","id":99894,"properties":{"OBJECTID":99894,"PRIMENAME":"Long Beach Boulevard","ELEVTYP_F":0,"ELEVTYP_T":0},"geometry":{"type":"LineString","coordinates":[[-74.1830063216565,39.6407198820511],[-74.1825109065831,39.6413241384483]]}},{"type":"Feature","id":100435,"properties":{"OBJECTID":100435,"PRIMENAME":"East 18th Street","ELEVTYP_F":0,"ELEVTYP_T":0},"geometry":{"type":"LineString","coordinates":[[-74.1789324019054,39.6430156543111],[-74.1803086027576,39.6436763449573]]}},{"type":"Feature","id":101777,"properties":{"OBJECTID":101777,"PRIMENAME":"West Ship Bottom Avenue","ELEVTYP_F":0,"ELEVTYP_T":0},"geometry":{"type":"LineString","coordinates":[[-74.1864295253114,39.6394234522946],[-74.185817918814,39.6391257763085]]}},{"type":"Feature","id":103886,"properties":{"OBJECTID":103886,"PRIMENAME":"Long Beach Boulevard","ELEVTYP_F":0,"ELEVTYP_T":0},"geometry":{"type":"LineString","coordinates":[[-74.1840061548806,39.6394857982922],[-74.1834950408843,39.6401101961379]]}},{"type":"Feature","id":105404,"properties":{"OBJECTID":105404,"PRIMENAME":"South 2nd Street","ELEVTYP_F":0,"ELEVTYP_T":0},"geometry":{"type":"LineString","coordinates":[[-74.1769765461798,39.6557515418382],[-74.1777558702085,39.6561270702401]]}},{"type":"Feature","id":105500,"properties":{"OBJECTID":105500,"PRIMENAME":"Old Bay Avenue","ELEVTYP_F":0,"ELEVTYP_T":0},"geometry":{"type":"LineString","coordinates":[[-74.1903856415992,39.6566389284816],[-74.1901093560913,39.6565171104587]]}},{"type":"Feature","id":105845,"properties":{"OBJECTID":105845,"PRIMENAME":"West 16th Street","ELEVTYP_F":0,"ELEVTYP_T":0},"geometry":{"type":"LineString","coordinates":[[-74.179536867969,39.6449920183369],[-74.1803873226342,39.645407097297],[-74.1806335237662,39.6455267661222]]}},{"type":"Feature","id":105970,"properties":{"OBJECTID":105970,"PRIMENAME":"Central Avenue","ELEVTYP_F":0,"ELEVTYP_T":0},"geometry":{"type":"LineString","coordinates":[[-74.1864582678116,39.6382457099799],[-74.1863793225995,39.6383600263013],[-74.1861633858244,39.6386502232094]]}},{"type":"Feature","id":106634,"properties":{"OBJECTID":106634,"PRIMENAME":"Railroad Avenue","ELEVTYP_F":0,"ELEVTYP_T":0},"geometry":{"type":"LineString","coordinates":[[-74.1852718196938,39.6562056926297],[-74.1856289694807,39.6558370288854],[-74.1856523152821,39.6558191092737],[-74.1856777332419,39.6558142635085],[-74.1856988525893,39.6558175877198],[-74.1857305765295,39.6558242356052],[-74.1857876021753,39.6558439931521],[-74.1858108334085,39.6558539445518],[-74.186575282406,39.6561814044589],[-74.1868033608496,39.6562817925012],[-74.1870565213432,39.6563972102192],[-74.1870901063157,39.6564088592693],[-74.1871243818164,39.6564167485913],[-74.1871581813135,39.6564201075941],[-74.1871809898876,39.6564192079129]]}},{"type":"Feature","id":110904,"properties":{"OBJECTID":110904,"PRIMENAME":"North 2nd Street","ELEVTYP_F":0,"ELEVTYP_T":0},"geometry":{"type":"LineString","coordinates":[[-74.1690710807849,39.6553525735468],[-74.170600576578,39.6560914035108]]}},{"type":"Feature","id":111268,"properties":{"OBJECTID":111268,"PRIMENAME":"Long Beach Boulevard","ELEVTYP_F":0,"ELEVTYP_T":0},"geometry":{"type":"LineString","coordinates":[[-74.1815173608548,39.6425541078287],[-74.1810100549638,39.6431822663808]]}},{"type":"Feature","id":117489,"properties":{"OBJECTID":117489,"PRIMENAME":"West 27th Street","ELEVTYP_F":0,"ELEVTYP_T":0},"geometry":{"type":"LineString","coordinates":[[-74.1850607751688,39.6381277018775],[-74.185310329315,39.6382478357029],[-74.1860707199039,39.6386073892064],[-74.1861633858244,39.6386502232094]]}},{"type":"Feature","id":119079,"properties":{"OBJECTID":119079,"PRIMENAME":"Shore Avenue","ELEVTYP_F":0,"ELEVTYP_T":0},"geometry":{"type":"LineString","coordinates":[[-74.1851982513054,39.6512193143238],[-74.1850340457353,39.6514251409476]]}},{"type":"Feature","id":120107,"properties":{"OBJECTID":120107,"PRIMENAME":"South Ocean Terrace","ELEVTYP_F":0,"ELEVTYP_T":0},"geometry":{"type":"LineString","coordinates":[[-74.1713904238539,39.6530454217998],[-74.1709070708115,39.6536575681866]]}},{"type":"Feature","id":121500,"properties":{"OBJECTID":121500,"PRIMENAME":"Long Beach Boulevard","ELEVTYP_F":0,"ELEVTYP_T":0},"geometry":{"type":"LineString","coordinates":[[-74.1825109065831,39.6413241384483],[-74.1820298500384,39.6419239848952]]}},{"type":"Feature","id":122564,"properties":{"OBJECTID":122564,"PRIMENAME":"West 10th Street","ELEVTYP_F":0,"ELEVTYP_T":0},"geometry":{"type":"LineString","coordinates":[[-74.1765772590513,39.64865101946],[-74.1775179222189,39.6491027755453],[-74.1776724926755,39.6491780759224]]}},{"type":"Feature","id":123301,"properties":{"OBJECTID":123301,"PRIMENAME":"North 1st Street","ELEVTYP_F":0,"ELEVTYP_T":0},"geometry":{"type":"LineString","coordinates":[[-74.1710913410617,39.6554858966596],[-74.1708433105549,39.6553661755819],[-74.1695923592886,39.6547672856025],[-74.1695032832515,39.6547246396598]]}},{"type":"Feature","id":128280,"properties":{"OBJECTID":128280,"PRIMENAME":"Bay Terrace","ELEVTYP_F":0,"ELEVTYP_T":0},"geometry":{"type":"LineString","coordinates":[[-74.1864315516794,39.6466492585629],[-74.1867761836684,39.6462166963499],[-74.1869153505647,39.6460466012879]]}},{"type":"Feature","id":130612,"properties":{"OBJECTID":130612,"PRIMENAME":"Long Beach Boulevard","ELEVTYP_F":0,"ELEVTYP_T":0},"geometry":{"type":"LineString","coordinates":[[-74.1864313076196,39.636213680936],[-74.1864173584814,39.6362331628433]]}},{"type":"Feature","id":130786,"properties":{"OBJECTID":130786,"PRIMENAME":"East 3rd Street","ELEVTYP_F":0,"ELEVTYP_T":0},"geometry":{"type":"LineString","coordinates":[[-74.1773593749516,39.6550965743452],[-74.1774214530125,39.6551263043444],[-74.1774660611249,39.6551476654693]]}},{"type":"Feature","id":130965,"properties":{"OBJECTID":130965,"PRIMENAME":"West 27th Street","ELEVTYP_F":0,"ELEVTYP_T":0},"geometry":{"type":"LineString","coordinates":[[-74.1873063257887,39.6392656960519],[-74.1873326915721,39.6392857270467],[-74.1875538590616,39.6394579185384],[-74.1876865214342,39.6395698258728],[-74.1877491311241,39.6396243282571],[-74.1878266196879,39.6396788705934],[-74.1878893158715,39.6397219523503],[-74.1879631267912,39.6397650360065],[-74.1880479694902,39.6398110316857],[-74.1881697500768,39.6398714035706],[-74.1884761602549,39.6400095020929],[-74.1885462821079,39.6400440092212],[-74.1885776267112,39.640062515677]]}},{"type":"Feature","id":131012,"properties":{"OBJECTID":131012,"PRIMENAME":"Central Avenue","ELEVTYP_F":0,"ELEVTYP_T":0},"geometry":{"type":"LineString","coordinates":[[-74.1756549421176,39.6516633122702],[-74.1751439985924,39.6522993407912]]}},{"type":"Feature","id":132799,"properties":{"OBJECTID":132799,"PRIMENAME":"Long Beach Boulevard","ELEVTYP_F":0,"ELEVTYP_T":0},"geometry":{"type":"LineString","coordinates":[[-74.18609397019,39.6366848369673],[-74.1857683852154,39.6371395785165]]}},{"type":"Feature","id":136698,"properties":{"OBJECTID":136698,"PRIMENAME":"West Ship Bottom Avenue","ELEVTYP_F":0,"ELEVTYP_T":0},"geometry":{"type":"LineString","coordinates":[[-74.185817918814,39.6391257763085],[-74.1850232740541,39.6387389756764],[-74.1847161546655,39.6385879068167]]}},{"type":"Feature","id":137961,"properties":{"OBJECTID":137961,"PRIMENAME":"West 18th Street","ELEVTYP_F":0,"ELEVTYP_T":0},"geometry":{"type":"LineString","coordinates":[[-74.1848972186734,39.6459049110572],[-74.1850090959857,39.645959186395],[-74.1864315516794,39.6466492585629]]}},{"type":"Feature","id":138066,"properties":{"OBJECTID":138066,"PRIMENAME":"East Bay Terrace","ELEVTYP_F":0,"ELEVTYP_T":0},"geometry":{"type":"LineString","coordinates":[[-74.1851275321048,39.6442989610872],[-74.1851416064221,39.6442338200276],[-74.1851604586367,39.6441566667296],[-74.1852386219977,39.6435775717165],[-74.1852332087441,39.6435339033658],[-74.185223592529,39.643508563162],[-74.1852113048367,39.6434852478394],[-74.1851980688238,39.6434673111042]]}},{"type":"Feature","id":141549,"properties":{"OBJECTID":141549,"PRIMENAME":"North 1st Street","ELEVTYP_F":0,"ELEVTYP_T":0},"geometry":{"type":"LineString","coordinates":[[-74.1721418742003,39.6559929722332],[-74.1715945271068,39.6557287892669]]}},{"type":"Feature","id":142848,"properties":{"OBJECTID":142848,"PRIMENAME":"East Bay Avenue","ELEVTYP_F":0,"ELEVTYP_T":0},"geometry":{"type":"LineString","coordinates":[[-74.1878920712617,39.6555471095308],[-74.1883212303026,39.6557094522581]]}},{"type":"Feature","id":143039,"properties":{"OBJECTID":143039,"PRIMENAME":"Ship Bottom Avenue","ELEVTYP_F":0,"ELEVTYP_T":0},"geometry":{"type":"LineString","coordinates":[[-74.1830732554152,39.6381537051209],[-74.1831286695131,39.6380874690915],[-74.1832366007429,39.6379361820011],[-74.1832478062691,39.6379161984825],[-74.183247884544,39.637899038242],[-74.1832331685174,39.6378789840397],[-74.1832110663219,39.6378589087923],[-74.1829268915356,39.6377237115706]]}},{"type":"Feature","id":144763,"properties":{"OBJECTID":144763,"PRIMENAME":"Long Beach Boulevard","ELEVTYP_F":0,"ELEVTYP_T":0},"geometry":{"type":"LineString","coordinates":[[-74.1790259689308,39.6456214487944],[-74.1785115614974,39.6462551773635]]}},{"type":"Feature","id":146093,"properties":{"OBJECTID":146093,"PRIMENAME":"Central Avenue","ELEVTYP_F":0,"ELEVTYP_T":0},"geometry":{"type":"LineString","coordinates":[[-74.1801251227749,39.6461547246761],[-74.1796134925953,39.6467881090209]]}},{"type":"Feature","id":146528,"properties":{"OBJECTID":146528,"PRIMENAME":"West 11th Street","ELEVTYP_F":0,"ELEVTYP_T":0},"geometry":{"type":"LineString","coordinates":[[-74.1814206871596,39.6501863609677],[-74.1794854325822,39.6492483537377],[-74.17814076535,39.6485968551347]]}},{"type":"Feature","id":149982,"properties":{"OBJECTID":149982,"PRIMENAME":"North Long Beach Boulevard","ELEVTYP_F":0,"ELEVTYP_T":0},"geometry":{"type":"LineString","coordinates":[[-74.1716022461239,39.6548558159957],[-74.1715557305355,39.6549129017184],[-74.1710913410617,39.6554858966596]]}},{"type":"Feature","id":152726,"properties":{"OBJECTID":152726,"PRIMENAME":"Barnegat Avenue","ELEVTYP_F":0,"ELEVTYP_T":0},"geometry":{"type":"LineString","coordinates":[[-74.1784378636071,39.6538690360251],[-74.1783174032298,39.6539266601625],[-74.1776812036207,39.6547057241089]]}},{"type":"Feature","id":159406,"properties":{"OBJECTID":159406,"PRIMENAME":"Bay Terrace","ELEVTYP_F":0,"ELEVTYP_T":0},"geometry":{"type":"LineString","coordinates":[[-74.1852724760816,39.642658651716],[-74.1857643589264,39.6420470157702]]}},{"type":"Feature","id":159940,"properties":{"OBJECTID":159940,"PRIMENAME":"South 1st Street","ELEVTYP_F":0,"ELEVTYP_T":0},"geometry":{"type":"LineString","coordinates":[[-74.1709070708115,39.6536575681866],[-74.1705862818946,39.6535056552292]]}},{"type":"Feature","id":160231,"properties":{"OBJECTID":160231,"PRIMENAME":"South Barnegat Avenue","ELEVTYP_F":0,"ELEVTYP_T":0},"geometry":{"type":"LineString","coordinates":[[-74.1764886505019,39.65635395234],[-74.1765471715676,39.6562811662946],[-74.1769765461798,39.6557515418382]]}},{"type":"Feature","id":161413,"properties":{"OBJECTID":161413,"PRIMENAME":"Barnegat Avenue","ELEVTYP_F":0,"ELEVTYP_T":0},"geometry":{"type":"LineString","coordinates":[[-74.1777861421947,39.6547556544157],[-74.1782662918417,39.6541796019144],[-74.1784226765601,39.6539655537981],[-74.1784378636071,39.6538690360251]]}},{"type":"Feature","id":161779,"properties":{"OBJECTID":161779,"PRIMENAME":"West 8th Street","ELEVTYP_F":0,"ELEVTYP_T":0},"geometry":{"type":"LineString","coordinates":[[-74.1767219171552,39.6503586193313],[-74.1783506017342,39.6511546763074],[-74.1789783702813,39.6514677559149],[-74.179996137085,39.6519477365557]]}},{"type":"Feature","id":162920,"properties":{"OBJECTID":162920,"PRIMENAME":"FR RT 72 WB to RT 72 EB","ELEVTYP_F":0,"ELEVTYP_T":0},"geometry":{"type":"LineString","coordinates":[[-74.1824183963748,39.6531788079846],[-74.1825199735323,39.6531678427501],[-74.1826211181064,39.6531547037369],[-74.182712626911,39.653140881088],[-74.1828036556646,39.6531252790654],[-74.1828344619535,39.6531183166485],[-74.1828645853894,39.6531097530158],[-74.1828938868653,39.6530996277133],[-74.1829222310703,39.6530879874986],[-74.1829494871141,39.6530748861252],[-74.1829755291316,39.6530603840938],[-74.1830002368641,39.6530445483733],[-74.183023496215,39.6530274520914]]}},{"type":"Feature","id":164371,"properties":{"OBJECTID":164371,"PRIMENAME":"East Bay Terrace","ELEVTYP_F":0,"ELEVTYP_T":0},"geometry":{"type":"LineString","coordinates":[[-74.1851980688238,39.6434673111042],[-74.1851805041731,39.6434406864856],[-74.1851761869672,39.6434215110496],[-74.1851780463739,39.6434030387351],[-74.185183419079,39.6433852353009],[-74.1851967962256,39.6433640756977],[-74.18539090124,39.6431229943799],[-74.1856224645193,39.6428283673547]]}},{"type":"Feature","id":165465,"properties":{"OBJECTID":165465,"PRIMENAME":"Long Beach Boulevard","ELEVTYP_F":0,"ELEVTYP_T":0},"geometry":{"type":"LineString","coordinates":[[-74.1862196862063,39.6365092429548],[-74.18609397019,39.6366848369673]]}},{"type":"Feature","id":165979,"properties":{"OBJECTID":165979,"PRIMENAME":"Long Beach Boulevard","ELEVTYP_F":0,"ELEVTYP_T":0},"geometry":{"type":"LineString","coordinates":[[-74.1867723839906,39.6357390741269],[-74.1864313076196,39.636213680936]]}},{"type":"Feature","id":166228,"properties":{"OBJECTID":166228,"PRIMENAME":"17th Street","ELEVTYP_F":0,"ELEVTYP_T":0},"geometry":{"type":"LineString","coordinates":[[-74.1861669491192,39.6473682289455],[-74.1860807671978,39.6473262367163]]}},{"type":"Feature","id":166504,"properties":{"OBJECTID":166504,"PRIMENAME":"East 8th Street","ELEVTYP_F":0,"ELEVTYP_T":0},"geometry":{"type":"LineString","coordinates":[[-74.17401035487,39.6491830661512],[-74.1741403630892,39.6492467977538]]}},{"type":"Feature","id":166575,"properties":{"OBJECTID":166575,"PRIMENAME":null,"ELEVTYP_F":0,"ELEVTYP_T":0},"geometry":{"type":"LineString","coordinates":[[-74.183558161759,39.652992861465],[-74.1835321313608,39.6529878079965],[-74.1835058109194,39.6529837503348],[-74.1834792641483,39.6529806983022],[-74.1834525553091,39.6529786592867],[-74.1834257490555,39.6529776382241],[-74.1833989102773,39.6529776375861],[-74.1833721039427,39.6529786573742],[-74.1833453949414,39.6529806951198],[-74.1833233337567,39.6529825498645],[-74.1833015988272,39.6529860107895],[-74.183280385407,39.6529910468041],[-74.1832598840652,39.6529976126675],[-74.1832402789742,39.6530056493958],[-74.1832217462555,39.6530150847916],[-74.1832044523967,39.6530258340928],[-74.1831885527567,39.6530378007336],[-74.1831741901698,39.6530508772125],[-74.1831614936623,39.6530649460577],[-74.1831505772935,39.6530798808823],[-74.1831415391316,39.6530955475202],[-74.1831344603715,39.6531118052307],[-74.1831294046066,39.6531285079631],[-74.1831264172567,39.6531455056691],[-74.1831255251601,39.6531626456499],[-74.1831292557191,39.653181025434],[-74.1831343885873,39.6531992020584],[-74.1831409057293,39.6532171116516],[-74.1831487842453,39.6532346912803],[-74.1831579964515,39.6532518791706],[-74.1831685099778,39.6532686149252],[-74.183180287881,39.6532848397354],[-74.1831932887751,39.653300496588],[-74.1832165185406,39.6533242295384],[-74.1832425519559,39.6533461549892],[-74.183271154939,39.6533660757933],[-74.1833020703025,39.6533838128288]]}},{"type":"Feature","id":166826,"properties":{"OBJECTID":166826,"PRIMENAME":"Long Beach Boulevard","ELEVTYP_F":0,"ELEVTYP_T":0},"geometry":{"type":"LineString","coordinates":[[-74.1765772590513,39.64865101946],[-74.1760302629537,39.6493250054526]]}},{"type":"Feature","id":166872,"properties":{"OBJECTID":166872,"PRIMENAME":"North Central Avenue","ELEVTYP_F":0,"ELEVTYP_T":0},"geometry":{"type":"LineString","coordinates":[[-74.1726443510713,39.6553711826714],[-74.1721418742003,39.6559929722332]]}},{"type":"Feature","id":167256,"properties":{"OBJECTID":167256,"PRIMENAME":"West 20th Street","ELEVTYP_F":0,"ELEVTYP_T":0},"geometry":{"type":"LineString","coordinates":[[-74.1826120471828,39.6430872112564],[-74.1830272263082,39.6432893997541],[-74.1851275321048,39.6442989610872]]}},{"type":"Feature","id":169441,"properties":{"OBJECTID":169441,"PRIMENAME":"Drexel Avenue","ELEVTYP_F":0,"ELEVTYP_T":0},"geometry":{"type":"LineString","coordinates":[[-74.1751030027601,39.6514060236713],[-74.1745972181396,39.652031878429]]}},{"type":"Feature","id":170440,"properties":{"OBJECTID":170440,"PRIMENAME":"West 16th Street","ELEVTYP_F":0,"ELEVTYP_T":0},"geometry":{"type":"LineString","coordinates":[[-74.1854356580807,39.6478626700475],[-74.1857909938313,39.6480338272491]]}},{"type":"Feature","id":170609,"properties":{"OBJECTID":170609,"PRIMENAME":"Drexel Avenue","ELEVTYP_F":0,"ELEVTYP_T":0},"geometry":{"type":"LineString","coordinates":[[-74.1745972181396,39.652031878429],[-74.1740861137201,39.6526618063361]]}},{"type":"Feature","id":171074,"properties":{"OBJECTID":171074,"PRIMENAME":"Circle Drive","ELEVTYP_F":0,"ELEVTYP_T":0},"geometry":{"type":"LineString","coordinates":[[-74.1880496994941,39.6542603206429],[-74.1882135160243,39.6543621258834],[-74.1883614644357,39.6544459046154]]}},{"type":"Feature","id":171708,"properties":{"OBJECTID":171708,"PRIMENAME":"Long Beach Boulevard","ELEVTYP_F":0,"ELEVTYP_T":0},"geometry":{"type":"LineString","coordinates":[[-74.1847161546655,39.6385879068167],[-74.1845136879217,39.6388582582392]]}},{"type":"Feature","id":172079,"properties":{"OBJECTID":172079,"PRIMENAME":"Barnegat Avenue","ELEVTYP_F":0,"ELEVTYP_T":0},"geometry":{"type":"LineString","coordinates":[[-74.1809512753902,39.6507718469114],[-74.1805926643612,39.6512190687347],[-74.1804723313576,39.6513660897969]]}},{"type":"Feature","id":172222,"properties":{"OBJECTID":172222,"PRIMENAME":"FR LONG BEACH BLVD to RT 72 WB","ELEVTYP_F":0,"ELEVTYP_T":0},"geometry":{"type":"LineString","coordinates":[[-74.1758305440226,39.6495710786894],[-74.1758169418809,39.649639294167],[-74.175807188445,39.6497429383455],[-74.1758114238827,39.6498322895413],[-74.1758296709104,39.6498847801269],[-74.1758387944324,39.6499110258688],[-74.1758801160912,39.6499683575801],[-74.1759445791241,39.6500364620976],[-74.1760321287427,39.6501046300712],[-74.1761427154044,39.6501907369309],[-74.1763086452072,39.6503055781985]]}},{"type":"Feature","id":174786,"properties":{"OBJECTID":174786,"PRIMENAME":"West 4th Street","ELEVTYP_F":0,"ELEVTYP_T":0},"geometry":{"type":"LineString","coordinates":[[-74.1776812036207,39.6547057241089],[-74.1777861421947,39.6547556544157]]}},{"type":"Feature","id":177048,"properties":{"OBJECTID":177048,"PRIMENAME":"West 21st Street","ELEVTYP_F":0,"ELEVTYP_T":0},"geometry":{"type":"LineString","coordinates":[[-74.1824971432765,39.6421517140786],[-74.1831214115508,39.6424557842253]]}},{"type":"Feature","id":178409,"properties":{"OBJECTID":178409,"PRIMENAME":"East Bay Avenue","ELEVTYP_F":0,"ELEVTYP_T":0},"geometry":{"type":"LineString","coordinates":[[-74.1874912568704,39.6553770724154],[-74.1878920712617,39.6555471095308]]}},{"type":"Feature","id":179116,"properties":{"OBJECTID":179116,"PRIMENAME":"Bay Terrace","ELEVTYP_F":0,"ELEVTYP_T":0},"geometry":{"type":"LineString","coordinates":[[-74.1854356580807,39.6478626700475],[-74.1859357241443,39.6472555590409]]}},{"type":"Feature","id":179220,"properties":{"OBJECTID":179220,"PRIMENAME":"East 9th Street","ELEVTYP_F":0,"ELEVTYP_T":0},"geometry":{"type":"LineString","coordinates":[[-74.1760302629537,39.6493250054526],[-74.175966902613,39.6492943802567],[-74.1745864011659,39.6486270096718]]}},{"type":"Feature","id":179633,"properties":{"OBJECTID":179633,"PRIMENAME":"Barnegat Avenue","ELEVTYP_F":0,"ELEVTYP_T":0},"geometry":{"type":"LineString","coordinates":[[-74.1799053409203,39.6520586529808],[-74.1798225449865,39.652159762274],[-74.1795151658537,39.6525312903387],[-74.1794191389959,39.6526516634463]]}},{"type":"Feature","id":180602,"properties":{"OBJECTID":180602,"PRIMENAME":"West 17th Street","ELEVTYP_F":0,"ELEVTYP_T":0},"geometry":{"type":"LineString","coordinates":[[-74.1811264458078,39.644918611982],[-74.1800254983323,39.6443917927011]]}},{"type":"Feature","id":181425,"properties":{"OBJECTID":181425,"PRIMENAME":"Unnamed Segment","ELEVTYP_F":0,"ELEVTYP_T":0},"geometry":{"type":"LineString","coordinates":[[-74.1818065165092,39.6418151439309],[-74.1822965776884,39.6412186729664]]}},{"type":"Feature","id":181579,"properties":{"OBJECTID":181579,"PRIMENAME":"Barnegat Avenue","ELEVTYP_F":0,"ELEVTYP_T":0},"geometry":{"type":"LineString","coordinates":[[-74.1794191389959,39.6526516634463],[-74.1789353544638,39.6532578575291]]}},{"type":"Feature","id":182628,"properties":{"OBJECTID":182628,"PRIMENAME":"Central Avenue","ELEVTYP_F":0,"ELEVTYP_T":0},"geometry":{"type":"LineString","coordinates":[[-74.185817918814,39.6391257763085],[-74.1857731789042,39.6391877593539],[-74.1856084756543,39.6393926247927]]}},{"type":"Feature","id":183152,"properties":{"OBJECTID":183152,"PRIMENAME":"Central Avenue","ELEVTYP_F":0,"ELEVTYP_T":0},"geometry":{"type":"LineString","coordinates":[[-74.1850951853526,39.6400146899394],[-74.1845964994371,39.6406405819069]]}},{"type":"Feature","id":185444,"properties":{"OBJECTID":185444,"PRIMENAME":"Central Avenue","ELEVTYP_F":0,"ELEVTYP_T":0},"geometry":{"type":"LineString","coordinates":[[-74.1761431566361,39.651062909835],[-74.1757624740551,39.6515294656539],[-74.1756549421176,39.6516633122702]]}},{"type":"Feature","id":186314,"properties":{"OBJECTID":186314,"PRIMENAME":"West 21st Street","ELEVTYP_F":0,"ELEVTYP_T":0},"geometry":{"type":"LineString","coordinates":[[-74.1820298500384,39.6419239848952],[-74.1822745869963,39.6420432886907],[-74.1824971432765,39.6421517140786]]}},{"type":"Feature","id":186479,"properties":{"OBJECTID":186479,"PRIMENAME":"Union Avenue","ELEVTYP_F":0,"ELEVTYP_T":0},"geometry":{"type":"LineString","coordinates":[[-74.1835749616774,39.6383990951725],[-74.1837310820843,39.638200661391],[-74.1837908580074,39.6381276559703]]}},{"type":"Feature","id":187106,"properties":{"OBJECTID":187106,"PRIMENAME":"West 10th Street","ELEVTYP_F":0,"ELEVTYP_T":0},"geometry":{"type":"LineString","coordinates":[[-74.1776724926755,39.6491780759224],[-74.1786105540407,39.6496348953134],[-74.1809512753902,39.6507718469114]]}},{"type":"Feature","id":188072,"properties":{"OBJECTID":188072,"PRIMENAME":"North 2nd Street","ELEVTYP_F":0,"ELEVTYP_T":0},"geometry":{"type":"LineString","coordinates":[[-74.1716521994466,39.6566020841972],[-74.1725521712369,39.6570440457304],[-74.1748649042404,39.6581593774282]]}},{"type":"Feature","id":191448,"properties":{"OBJECTID":191448,"PRIMENAME":"East 3rd Street","ELEVTYP_F":0,"ELEVTYP_T":0},"geometry":{"type":"LineString","coordinates":[[-74.1730418022608,39.6529978891914],[-74.1736021772922,39.6532675930926]]}},{"type":"Feature","id":191972,"properties":{"OBJECTID":191972,"PRIMENAME":"19th Street","ELEVTYP_F":0,"ELEVTYP_T":0},"geometry":{"type":"LineString","coordinates":[[-74.1871796414809,39.6461663049984],[-74.1869153505647,39.6460466012879]]}},{"type":"Feature","id":193695,"properties":{"OBJECTID":193695,"PRIMENAME":"Long Beach Boulevard","ELEVTYP_F":0,"ELEVTYP_T":0},"geometry":{"type":"LineString","coordinates":[[-74.1730418022608,39.6529978891914],[-74.1729885900437,39.6530670637931],[-74.172811171853,39.6533321392478],[-74.1726781727697,39.6535246652753],[-74.1726006144051,39.6536272118453]]}},{"type":"Feature","id":194472,"properties":{"OBJECTID":194472,"PRIMENAME":"South 2nd Street","ELEVTYP_F":0,"ELEVTYP_T":0},"geometry":{"type":"LineString","coordinates":[[-74.1713904238539,39.6530454217998],[-74.1726006144051,39.6536272118453]]}},{"type":"Feature","id":194860,"properties":{"OBJECTID":194860,"PRIMENAME":"Drexel Avenue","ELEVTYP_F":0,"ELEVTYP_T":0},"geometry":{"type":"LineString","coordinates":[[-74.1720982792393,39.6551011299842],[-74.1715945271068,39.6557287892669]]}},{"type":"Feature","id":195886,"properties":{"OBJECTID":195886,"PRIMENAME":"Shore Avenue","ELEVTYP_F":0,"ELEVTYP_T":0},"geometry":{"type":"LineString","coordinates":[[-74.1822431002486,39.6548576018821],[-74.1826416085298,39.6543478318129],[-74.1827188941067,39.6542552438116]]}},{"type":"Feature","id":199021,"properties":{"OBJECTID":199021,"PRIMENAME":"Second Avenue","ELEVTYP_F":0,"ELEVTYP_T":0},"geometry":{"type":"LineString","coordinates":[[-74.1874018458213,39.6561600482211],[-74.1872567029625,39.6560991182455],[-74.1870046468844,39.655991172146],[-74.1868273912199,39.6559156312193],[-74.1866723603564,39.655842319911],[-74.1865587545242,39.655790506965],[-74.1864508358347,39.6557301439217],[-74.186326288237,39.6556633107414],[-74.1862532286641,39.6556167908678],[-74.1862045231136,39.6555857775953],[-74.1861713874733,39.6555534831535],[-74.1861631481724,39.6555298771601]]}},{"type":"Feature","id":201081,"properties":{"OBJECTID":201081,"PRIMENAME":"Shore Avenue","ELEVTYP_F":0,"ELEVTYP_T":0},"geometry":{"type":"LineString","coordinates":[[-74.1847346555352,39.6517966217042],[-74.1842658303762,39.6523816288774]]}},{"type":"Feature","id":201406,"properties":{"OBJECTID":201406,"PRIMENAME":"Central Avenue","ELEVTYP_F":0,"ELEVTYP_T":0},"geometry":{"type":"LineString","coordinates":[[-74.1796134925953,39.6467881090209],[-74.1791217858508,39.6473887367006]]}},{"type":"Feature","id":203528,"properties":{"OBJECTID":203528,"PRIMENAME":"Barnegat Avenue","ELEVTYP_F":0,"ELEVTYP_T":0},"geometry":{"type":"LineString","coordinates":[[-74.1848972186734,39.6459049110572],[-74.1847597429435,39.6460772043486],[-74.1844430364781,39.6464654135301],[-74.184406393857,39.6465105881114]]}},{"type":"Feature","id":204119,"properties":{"OBJECTID":204119,"PRIMENAME":"West 16th Street","ELEVTYP_F":0,"ELEVTYP_T":0},"geometry":{"type":"LineString","coordinates":[[-74.1806335237662,39.6455267661222],[-74.1815352732261,39.6459650948482],[-74.1835801904494,39.6469687931413],[-74.1838419994587,39.6470949219018],[-74.1839074509873,39.6471264537723]]}},{"type":"Feature","id":205087,"properties":{"OBJECTID":205087,"PRIMENAME":"West 4th Street","ELEVTYP_F":0,"ELEVTYP_T":0},"geometry":{"type":"LineString","coordinates":[[-74.1740861137201,39.6526618063361],[-74.1737522449763,39.6525036060004],[-74.1735226543793,39.6523914646425]]}},{"type":"Feature","id":205607,"properties":{"OBJECTID":205607,"PRIMENAME":"Penna Avenue","ELEVTYP_F":0,"ELEVTYP_T":0},"geometry":{"type":"LineString","coordinates":[[-74.1810175271547,39.644021595368],[-74.1814986566335,39.6434185693622]]}},{"type":"Feature","id":205664,"properties":{"OBJECTID":205664,"PRIMENAME":"North Central Avenue","ELEVTYP_F":0,"ELEVTYP_T":0},"geometry":{"type":"LineString","coordinates":[[-74.1721418742003,39.6559929722332],[-74.1718688373043,39.6563308071495],[-74.1716521994466,39.6566020841972]]}},{"type":"Feature","id":205758,"properties":{"OBJECTID":205758,"PRIMENAME":"Central Avenue","ELEVTYP_F":0,"ELEVTYP_T":0},"geometry":{"type":"LineString","coordinates":[[-74.1861633858244,39.6386502232094],[-74.1860895735307,39.6387494392754],[-74.185817918814,39.6391257763085]]}},{"type":"Feature","id":206162,"properties":{"OBJECTID":206162,"PRIMENAME":"West 23rd Street","ELEVTYP_F":0,"ELEVTYP_T":0},"geometry":{"type":"LineString","coordinates":[[-74.1861468100534,39.6422311217789],[-74.18582565053,39.6420765212221]]}},{"type":"Feature","id":206368,"properties":{"OBJECTID":206368,"PRIMENAME":"West 6th Street","ELEVTYP_F":0,"ELEVTYP_T":0},"geometry":{"type":"LineString","coordinates":[[-74.1751030027601,39.6514060236713],[-74.1745451742294,39.6511329571159]]}},{"type":"Feature","id":206891,"properties":{"OBJECTID":206891,"PRIMENAME":null,"ELEVTYP_F":0,"ELEVTYP_T":0},"geometry":{"type":"LineString","coordinates":[[-74.1836967135821,39.65346898328],[-74.1837107513054,39.6534624261849],[-74.1837241439239,39.6534551071105],[-74.1837368223441,39.6534470638164],[-74.1837487211575,39.6534383377985],[-74.1837597789774,39.6534289740751],[-74.1837699387561,39.6534190209543],[-74.183779148079,39.6534085297849],[-74.183787359435,39.6533975546915],[-74.1837935717113,39.6533878053361],[-74.1837989960372,39.6533777789391],[-74.1838036118504,39.6533675135089],[-74.1838074016535,39.6533570479598],[-74.1838139413283,39.6533405999579],[-74.1838191213331,39.6533238650182],[-74.1838229209032,39.6533069102278],[-74.1838253248079,39.6532898035551],[-74.1838262364412,39.6532760550191],[-74.1838262462376,39.6532622884375],[-74.1838253541726,39.6532485391345],[-74.1838235625356,39.6532348423903],[-74.1838208759244,39.6532212333501],[-74.1838173012333,39.6532077469339],[-74.1838128476353,39.6531944177472],[-74.1838075265585,39.6531812799921]]}},{"type":"Feature","id":207358,"properties":{"OBJECTID":207358,"PRIMENAME":"East 27th Street","ELEVTYP_F":0,"ELEVTYP_T":0},"geometry":{"type":"LineString","coordinates":[[-74.1831622291413,39.637215277003],[-74.1841513609867,39.6376898728083]]}},{"type":"Feature","id":207676,"properties":{"OBJECTID":207676,"PRIMENAME":"East 4th Street","ELEVTYP_F":0,"ELEVTYP_T":0},"geometry":{"type":"LineString","coordinates":[[-74.1735226543793,39.6523914646425],[-74.1719619939365,39.6516291649407]]}},{"type":"Feature","id":208767,"properties":{"OBJECTID":208767,"PRIMENAME":"East 15th Street","ELEVTYP_F":0,"ELEVTYP_T":0},"geometry":{"type":"LineString","coordinates":[[-74.1790259689308,39.6456214487944],[-74.1774230315112,39.6448440864527]]}},{"type":"Feature","id":208868,"properties":{"OBJECTID":208868,"PRIMENAME":"Long Beach Boulevard","ELEVTYP_F":0,"ELEVTYP_T":0},"geometry":{"type":"LineString","coordinates":[[-74.1810100549638,39.6431822663808],[-74.1805237990126,39.6437796474167]]}},{"type":"Feature","id":208914,"properties":{"OBJECTID":208914,"PRIMENAME":"Barnegat Avenue","ELEVTYP_F":0,"ELEVTYP_T":0},"geometry":{"type":"LineString","coordinates":[[-74.1823997469535,39.6489800761361],[-74.181907723154,39.6495820593647]]}},{"type":"Feature","id":209013,"properties":{"OBJECTID":209013,"PRIMENAME":"East 13th Street","ELEVTYP_F":0,"ELEVTYP_T":0},"geometry":{"type":"LineString","coordinates":[[-74.1780304871413,39.6468593158487],[-74.1766030064983,39.6461659481429]]}},{"type":"Feature","id":210097,"properties":{"OBJECTID":210097,"PRIMENAME":"Central Avenue","ELEVTYP_F":0,"ELEVTYP_T":0},"geometry":{"type":"LineString","coordinates":[[-74.1766279406313,39.650472956272],[-74.1761431566361,39.651062909835]]}},{"type":"Feature","id":210800,"properties":{"OBJECTID":210800,"PRIMENAME":"Division Avenue","ELEVTYP_F":0,"ELEVTYP_T":0},"geometry":{"type":"LineString","coordinates":[[-74.1720982792393,39.6551011299842],[-74.1726443510713,39.6553711826714]]}},{"type":"Feature","id":211867,"properties":{"OBJECTID":211867,"PRIMENAME":"Long Beach Boulevard","ELEVTYP_F":0,"ELEVTYP_T":0},"geometry":{"type":"LineString","coordinates":[[-74.1780304871413,39.6468593158487],[-74.1775353041119,39.6474635238953]]}},{"type":"Feature","id":214988,"properties":{"OBJECTID":214988,"PRIMENAME":"West 18th Street","ELEVTYP_F":0,"ELEVTYP_T":0},"geometry":{"type":"LineString","coordinates":[[-74.1864315516794,39.6466492585629],[-74.1867613990804,39.6468092790499]]}},{"type":"Feature","id":215401,"properties":{"OBJECTID":215401,"PRIMENAME":"Central Avenue","ELEVTYP_F":0,"ELEVTYP_T":0},"geometry":{"type":"LineString","coordinates":[[-74.1841037488364,39.6412477627253],[-74.183607508,39.641855261552]]}},{"type":"Feature","id":216160,"properties":{"OBJECTID":216160,"PRIMENAME":"Unnamed Segment","ELEVTYP_F":0,"ELEVTYP_T":0},"geometry":{"type":"LineString","coordinates":[[-74.1903856415992,39.6566389284816],[-74.1896677321856,39.6576018060446]]}},{"type":"Feature","id":216658,"properties":{"OBJECTID":216658,"PRIMENAME":"Long Beach Boulevard","ELEVTYP_F":0,"ELEVTYP_T":0},"geometry":{"type":"LineString","coordinates":[[-74.1805237990126,39.6437796474167],[-74.1800254983323,39.6443917927011]]}},{"type":"Feature","id":217151,"properties":{"OBJECTID":217151,"PRIMENAME":"Bay Terrace","ELEVTYP_F":0,"ELEVTYP_T":0},"geometry":{"type":"LineString","coordinates":[[-74.1854772840369,39.6487556841826],[-74.1856978900598,39.6482182947068],[-74.1857909938313,39.6480338272491]]}},{"type":"Feature","id":217201,"properties":{"OBJECTID":217201,"PRIMENAME":"West 23rd Street","ELEVTYP_F":0,"ELEVTYP_T":0},"geometry":{"type":"LineString","coordinates":[[-74.1841037488364,39.6412477627253],[-74.1830063216565,39.6407198820511]]}},{"type":"Feature","id":218642,"properties":{"OBJECTID":218642,"PRIMENAME":"West 15th Street","ELEVTYP_F":0,"ELEVTYP_T":0},"geometry":{"type":"LineString","coordinates":[[-74.1854772840369,39.6487556841826],[-74.1834041790603,39.6477476045997]]}},{"type":"Feature","id":220518,"properties":{"OBJECTID":220518,"PRIMENAME":"Nelke Court","ELEVTYP_F":0,"ELEVTYP_T":0},"geometry":{"type":"LineString","coordinates":[[-74.1862196862063,39.6365092429548],[-74.1870010211005,39.6368432031751]]}},{"type":"Feature","id":221481,"properties":{"OBJECTID":221481,"PRIMENAME":"Bay Terrace","ELEVTYP_F":0,"ELEVTYP_T":0},"geometry":{"type":"LineString","coordinates":[[-74.185262918918,39.6495215450068],[-74.18527159446,39.6493705917635],[-74.1852820716222,39.6492923177936],[-74.1852959351391,39.6492114173661],[-74.1854772840369,39.6487556841826]]}},{"type":"Feature","id":224056,"properties":{"OBJECTID":224056,"PRIMENAME":"Long Beach Boulevard","ELEVTYP_F":0,"ELEVTYP_T":0},"geometry":{"type":"LineString","coordinates":[[-74.1726006144051,39.6536272118453],[-74.1725599414912,39.6536809645217],[-74.1721124824222,39.6542299052437]]}},{"type":"Feature","id":224967,"properties":{"OBJECTID":224967,"PRIMENAME":"Bay Terrace","ELEVTYP_F":0,"ELEVTYP_T":0},"geometry":{"type":"LineString","coordinates":[[-74.1857909938313,39.6480338272491],[-74.1860807671978,39.6473262367163]]}},{"type":"Feature","id":224970,"properties":{"OBJECTID":224970,"PRIMENAME":"South Barnegat Avenue","ELEVTYP_F":0,"ELEVTYP_T":0},"geometry":{"type":"LineString","coordinates":[[-74.1759750178736,39.6569897846165],[-74.1761787214039,39.6567391638304],[-74.1764886505019,39.65635395234]]}},{"type":"Feature","id":226191,"properties":{"OBJECTID":226191,"PRIMENAME":"Division Avenue","ELEVTYP_F":0,"ELEVTYP_T":0},"geometry":{"type":"LineString","coordinates":[[-74.1716022461239,39.6548558159957],[-74.1720982792393,39.6551011299842]]}},{"type":"Feature","id":226390,"properties":{"OBJECTID":226390,"PRIMENAME":"West 10th Street","ELEVTYP_F":0,"ELEVTYP_T":0},"geometry":{"type":"LineString","coordinates":[[-74.1809512753902,39.6507718469114],[-74.1817703301367,39.6511736501334],[-74.1842658303762,39.6523816288774]]}},{"type":"Feature","id":226830,"properties":{"OBJECTID":226830,"PRIMENAME":"West 18th Street","ELEVTYP_F":0,"ELEVTYP_T":0},"geometry":{"type":"LineString","coordinates":[[-74.1810175271547,39.644021595368],[-74.1816149020705,39.6443143707614]]}},{"type":"Feature","id":228945,"properties":{"OBJECTID":228945,"PRIMENAME":"North Bay Avenue","ELEVTYP_F":0,"ELEVTYP_T":0},"geometry":{"type":"LineString","coordinates":[[-74.1861631481724,39.6555298771601],[-74.1860863632408,39.6555511275983],[-74.1859510280239,39.6556881836938]]}},{"type":"Feature","id":229050,"properties":{"OBJECTID":229050,"PRIMENAME":"Manning Drive","ELEVTYP_F":0,"ELEVTYP_T":0},"geometry":{"type":"LineString","coordinates":[[-74.1876324726709,39.6558682428628],[-74.1878537740725,39.6555960692818],[-74.1878920712617,39.6555471095308]]}},{"type":"Feature","id":230761,"properties":{"OBJECTID":230761,"PRIMENAME":"Long Beach Boulevard","ELEVTYP_F":0,"ELEVTYP_T":0},"geometry":{"type":"LineString","coordinates":[[-74.1750393453422,39.6505283477867],[-74.1745451742294,39.6511329571159]]}},{"type":"Feature","id":230821,"properties":{"OBJECTID":230821,"PRIMENAME":"Long Beach Boulevard","ELEVTYP_F":0,"ELEVTYP_T":0},"geometry":{"type":"LineString","coordinates":[[-74.1770497375102,39.648067866387],[-74.1765772590513,39.64865101946]]}},{"type":"Feature","id":231539,"properties":{"OBJECTID":231539,"PRIMENAME":"Ocean Boulevard","ELEVTYP_F":0,"ELEVTYP_T":0},"geometry":{"type":"LineString","coordinates":[[-74.1851558486249,39.6350390131287],[-74.1852186030548,39.6349427869882],[-74.1852819414397,39.6348428566492],[-74.1853602676461,39.6347029368964],[-74.1854483720735,39.6345365764011]]}},{"type":"Feature","id":232541,"properties":{"OBJECTID":232541,"PRIMENAME":"Barnegat Avenue","ELEVTYP_F":0,"ELEVTYP_T":0},"geometry":{"type":"LineString","coordinates":[[-74.184406393857,39.6465105881114],[-74.1839074509873,39.6471264537723]]}},{"type":"Feature","id":232557,"properties":{"OBJECTID":232557,"PRIMENAME":"East 20th Street","ELEVTYP_F":0,"ELEVTYP_T":0},"geometry":{"type":"LineString","coordinates":[[-74.1812956546225,39.6424460945524],[-74.1815173608548,39.6425541078287]]}},{"type":"Feature","id":233374,"properties":{"OBJECTID":233374,"PRIMENAME":"Central Avenue","ELEVTYP_F":0,"ELEVTYP_T":0},"geometry":{"type":"LineString","coordinates":[[-74.1767219171552,39.6503586193313],[-74.1766279406313,39.650472956272]]}},{"type":"Feature","id":234915,"properties":{"OBJECTID":234915,"PRIMENAME":"West 26th Street","ELEVTYP_F":0,"ELEVTYP_T":0},"geometry":{"type":"LineString","coordinates":[[-74.1845136879217,39.6388582582392],[-74.184759550077,39.6389784940017],[-74.1856084756543,39.6393926247927]]}},{"type":"Feature","id":235442,"properties":{"OBJECTID":235442,"PRIMENAME":"Bay Terrace","ELEVTYP_F":0,"ELEVTYP_T":0},"geometry":{"type":"LineString","coordinates":[[-74.1860807671978,39.6473262367163],[-74.1859357241443,39.6472555590409]]}},{"type":"Feature","id":236105,"properties":{"OBJECTID":236105,"PRIMENAME":"West 28th Street","ELEVTYP_F":0,"ELEVTYP_T":0},"geometry":{"type":"LineString","coordinates":[[-74.187245032283,39.6384012616244],[-74.1865547539833,39.6381059889478]]}},{"type":"Feature","id":236298,"properties":{"OBJECTID":236298,"PRIMENAME":"East 3rd Street","ELEVTYP_F":0,"ELEVTYP_T":0},"geometry":{"type":"LineString","coordinates":[[-74.1774660611249,39.6551476654693],[-74.1796863928091,39.6562108502603],[-74.1800287538212,39.6563873765501],[-74.1801994594868,39.6564753943521]]}},{"type":"Feature","id":236349,"properties":{"OBJECTID":236349,"PRIMENAME":"Long Beach Boulevard","ELEVTYP_F":0,"ELEVTYP_T":0},"geometry":{"type":"LineString","coordinates":[[-74.1857683852154,39.6371395785165],[-74.1854260711546,39.6376176648511]]}},{"type":"Feature","id":238223,"properties":{"OBJECTID":238223,"PRIMENAME":"South 2nd Street","ELEVTYP_F":0,"ELEVTYP_T":0},"geometry":{"type":"LineString","coordinates":[[-74.1736466864995,39.6541351945623],[-74.1741451467913,39.6543708153717],[-74.1764928657292,39.6555184730885],[-74.1768643438357,39.6556974723197]]}},{"type":"Feature","id":239047,"properties":{"OBJECTID":239047,"PRIMENAME":"Central Avenue","ELEVTYP_F":0,"ELEVTYP_T":0},"geometry":{"type":"LineString","coordinates":[[-74.1856084756543,39.6393926247927],[-74.1855154476653,39.6395077950424],[-74.1853268089049,39.6397360970917],[-74.1850951853526,39.6400146899394]]}},{"type":"Feature","id":239480,"properties":{"OBJECTID":239480,"PRIMENAME":"Long Beach Boulevard","ELEVTYP_F":0,"ELEVTYP_T":0},"geometry":{"type":"LineString","coordinates":[[-74.1800254983323,39.6443917927011],[-74.179536867969,39.6449920183369]]}},{"type":"Feature","id":243717,"properties":{"OBJECTID":243717,"PRIMENAME":"Manning Drive","ELEVTYP_F":0,"ELEVTYP_T":0},"geometry":{"type":"LineString","coordinates":[[-74.1874018458213,39.6561600482211],[-74.1874835683339,39.6560513805182],[-74.1876324726709,39.6558682428628]]}},{"type":"Feature","id":244630,"properties":{"OBJECTID":244630,"PRIMENAME":"Circle Drive","ELEVTYP_F":0,"ELEVTYP_T":0},"geometry":{"type":"LineString","coordinates":[[-74.1887437832486,39.6547159908075],[-74.188753017721,39.6547239224369],[-74.1887972520232,39.6547605019826],[-74.188841486376,39.6547970806106],[-74.1889023148303,39.6548401567228],[-74.1889548901605,39.654870333417],[-74.1890157887926,39.6549133817337],[-74.1890485422844,39.6549495287039]]}},{"type":"Feature","id":245040,"properties":{"OBJECTID":245040,"PRIMENAME":"West 23rd Street","ELEVTYP_F":0,"ELEVTYP_T":0},"geometry":{"type":"LineString","coordinates":[[-74.1845964994371,39.6406405819069],[-74.1841037488364,39.6412477627253]]}},{"type":"Feature","id":246678,"properties":{"OBJECTID":246678,"PRIMENAME":"West 22nd Street","ELEVTYP_F":0,"ELEVTYP_T":0},"geometry":{"type":"LineString","coordinates":[[-74.183607508,39.641855261552],[-74.185039316091,39.6425455900883],[-74.1852724760816,39.642658651716]]}},{"type":"Feature","id":247680,"properties":{"OBJECTID":247680,"PRIMENAME":"Nelke Court","ELEVTYP_F":0,"ELEVTYP_T":0},"geometry":{"type":"LineString","coordinates":[[-74.1870010211005,39.6368432031751],[-74.1868074831285,39.6371290407652]]}},{"type":"Feature","id":248982,"properties":{"OBJECTID":248982,"PRIMENAME":"Harbor Drive","ELEVTYP_F":0,"ELEVTYP_T":0},"geometry":{"type":"LineString","coordinates":[[-74.187825179582,39.6349002698559],[-74.1878590157524,39.6349128471765],[-74.1878810797457,39.6349415147407],[-74.1878809255061,39.6349758343536],[-74.1878660263384,39.6350044026008],[-74.1876465445327,39.6352812210811],[-74.1876205945575,39.6352954554416],[-74.1875872495207,39.635303932039],[-74.1875539908102,39.6353009871663],[-74.1875096311334,39.6352951569994],[-74.1873988350392,39.6352576843539],[-74.1871832428921,39.6351672158157]]}},{"type":"Feature","id":249150,"properties":{"OBJECTID":249150,"PRIMENAME":"West 20th Street","ELEVTYP_F":0,"ELEVTYP_T":0},"geometry":{"type":"LineString","coordinates":[[-74.1819936925038,39.6427860649562],[-74.1826120471828,39.6430872112564]]}},{"type":"Feature","id":252445,"properties":{"OBJECTID":252445,"PRIMENAME":"Eigth Street","ELEVTYP_F":0,"ELEVTYP_T":0},"geometry":{"type":"LineString","coordinates":[[-74.1833989473235,39.6536365279595],[-74.1836768074138,39.6537143244318],[-74.1839243078363,39.6537979403178],[-74.1842160630612,39.6539131125761]]}},{"type":"Feature","id":252576,"properties":{"OBJECTID":252576,"PRIMENAME":"Central Avenue","ELEVTYP_F":0,"ELEVTYP_T":0},"geometry":{"type":"LineString","coordinates":[[-74.1791217858508,39.6473887367006],[-74.1786297442022,39.6479908979998]]}},{"type":"Feature","id":252687,"properties":{"OBJECTID":252687,"PRIMENAME":"East 23rd Street","ELEVTYP_F":0,"ELEVTYP_T":0},"geometry":{"type":"LineString","coordinates":[[-74.1830063216565,39.6407198820511],[-74.1824409428074,39.6404479024856],[-74.1812672408842,39.6398784220247]]}},{"type":"Feature","id":253444,"properties":{"OBJECTID":253444,"PRIMENAME":"Long Beach Boulevard","ELEVTYP_F":0,"ELEVTYP_T":0},"geometry":{"type":"LineString","coordinates":[[-74.179536867969,39.6449920183369],[-74.1790259689308,39.6456214487944]]}},{"type":"Feature","id":253833,"properties":{"OBJECTID":253833,"PRIMENAME":"West 5th Street","ELEVTYP_F":0,"ELEVTYP_T":0},"geometry":{"type":"LineString","coordinates":[[-74.1784378636071,39.6538690360251],[-74.1796701498275,39.6544583637731],[-74.1812058580702,39.6552104153236],[-74.1816267618326,39.6554032076461],[-74.1816821766244,39.6554176356909],[-74.1817302555133,39.6554206778033],[-74.1817767180254,39.6554120470067],[-74.1818217107778,39.6553833972512]]}},{"type":"Feature","id":254219,"properties":{"OBJECTID":254219,"PRIMENAME":"3rd Street","ELEVTYP_F":0,"ELEVTYP_T":0},"geometry":{"type":"LineString","coordinates":[[-74.1880225286004,39.6548763991164],[-74.1880449022279,39.6548378570793],[-74.1883614644357,39.6544459046154]]}},{"type":"Feature","id":255564,"properties":{"OBJECTID":255564,"PRIMENAME":"West 20th Street","ELEVTYP_F":0,"ELEVTYP_T":0},"geometry":{"type":"LineString","coordinates":[[-74.1815173608548,39.6425541078287],[-74.1817575275235,39.6426710662943],[-74.1819936925038,39.6427860649562]]}},{"type":"Feature","id":256961,"properties":{"OBJECTID":256961,"PRIMENAME":"West 24th Street","ELEVTYP_F":0,"ELEVTYP_T":0},"geometry":{"type":"LineString","coordinates":[[-74.1834950408843,39.6401101961379],[-74.184257071776,39.6404785789522],[-74.1845964994371,39.6406405819069]]}},{"type":"Feature","id":259497,"properties":{"OBJECTID":259497,"PRIMENAME":"Bay Terrace","ELEVTYP_F":0,"ELEVTYP_T":0},"geometry":{"type":"LineString","coordinates":[[-74.1859357241443,39.6472555590409],[-74.1863260070137,39.6467817198853],[-74.1864315516794,39.6466492585629]]}},{"type":"Feature","id":259822,"properties":{"OBJECTID":259822,"PRIMENAME":"East 7th Street","ELEVTYP_F":0,"ELEVTYP_T":0},"geometry":{"type":"LineString","coordinates":[[-74.1735466091647,39.6498053828675],[-74.1736349501913,39.6498481587896]]}},{"type":"Feature","id":259976,"properties":{"OBJECTID":259976,"PRIMENAME":"Marina Point","ELEVTYP_F":0,"ELEVTYP_T":0},"geometry":{"type":"LineString","coordinates":[[-74.18582565053,39.6420765212221],[-74.1863212297523,39.6414552492694]]}},{"type":"Feature","id":259995,"properties":{"OBJECTID":259995,"PRIMENAME":"West 9th Street","ELEVTYP_F":0,"ELEVTYP_T":0},"geometry":{"type":"LineString","coordinates":[[-74.1838710907395,39.6529425368036],[-74.183662012432,39.6528510491992],[-74.1834501563692,39.652758346627],[-74.1833540682431,39.6527178485975]]}},{"type":"Feature","id":260071,"properties":{"OBJECTID":260071,"PRIMENAME":"Bay Terrace","ELEVTYP_F":0,"ELEVTYP_T":0},"geometry":{"type":"LineString","coordinates":[[-74.1852347584722,39.6500219510588],[-74.185262918918,39.6495215450068]]}},{"type":"Feature","id":260684,"properties":{"OBJECTID":260684,"PRIMENAME":"Circle Drive","ELEVTYP_F":0,"ELEVTYP_T":0},"geometry":{"type":"LineString","coordinates":[[-74.1878426569191,39.6541509316957],[-74.1878676072963,39.6541553097916],[-74.1878980686867,39.6541660989978],[-74.1880496994941,39.6542603206429]]}},{"type":"Feature","id":261457,"properties":{"OBJECTID":261457,"PRIMENAME":"West 23rd Street","ELEVTYP_F":0,"ELEVTYP_T":0},"geometry":{"type":"LineString","coordinates":[[-74.18582565053,39.6420765212221],[-74.1857643589264,39.6420470157702]]}},{"type":"Feature","id":261609,"properties":{"OBJECTID":261609,"PRIMENAME":"Robert Drive","ELEVTYP_F":0,"ELEVTYP_T":0},"geometry":{"type":"LineString","coordinates":[[-74.1870010211005,39.6368432031751],[-74.1878654393138,39.6372127445039]]}},{"type":"Feature","id":262179,"properties":{"OBJECTID":262179,"PRIMENAME":"Barnegat Avenue","ELEVTYP_F":0,"ELEVTYP_T":0},"geometry":{"type":"LineString","coordinates":[[-74.179996137085,39.6519477365557],[-74.1799053409203,39.6520586529808]]}},{"type":"Feature","id":262298,"properties":{"OBJECTID":262298,"PRIMENAME":"Shore Avenue","ELEVTYP_F":0,"ELEVTYP_T":0},"geometry":{"type":"LineString","coordinates":[[-74.1833989473235,39.6536365279595],[-74.1834996546891,39.6536180233423],[-74.1837257733779,39.653583839247]]}},{"type":"Feature","id":262484,"properties":{"OBJECTID":262484,"PRIMENAME":"West 27th Street","ELEVTYP_F":0,"ELEVTYP_T":0},"geometry":{"type":"LineString","coordinates":[[-74.1861633858244,39.6386502232094],[-74.1861703674177,39.6386534262715],[-74.1862959111182,39.6387052449313],[-74.1864915525145,39.6387887154409],[-74.186713027171,39.638892270267],[-74.1868569821562,39.638964152044],[-74.1869713867825,39.6390216498859],[-74.1870783408248,39.6390934316741],[-74.1871815772393,39.6391709421182],[-74.1873063257887,39.6392656960519]]}},{"type":"Feature","id":263132,"properties":{"OBJECTID":263132,"PRIMENAME":"Bay Terrace","ELEVTYP_F":0,"ELEVTYP_T":0},"geometry":{"type":"LineString","coordinates":[[-74.1852300066188,39.6503493156535],[-74.1852347584722,39.6500219510588]]}},{"type":"Feature","id":263190,"properties":{"OBJECTID":263190,"PRIMENAME":"South 1st Street","ELEVTYP_F":0,"ELEVTYP_T":0},"geometry":{"type":"LineString","coordinates":[[-74.1772696431655,39.6567306415924],[-74.1764886505019,39.65635395234]]}},{"type":"Feature","id":264069,"properties":{"OBJECTID":264069,"PRIMENAME":"Division Avenue","ELEVTYP_F":0,"ELEVTYP_T":0},"geometry":{"type":"LineString","coordinates":[[-74.1700537789047,39.6541141447307],[-74.1716022461239,39.6548558159957]]}},{"type":"Feature","id":265765,"properties":{"OBJECTID":265765,"PRIMENAME":"24th Street","ELEVTYP_F":0,"ELEVTYP_T":0},"geometry":{"type":"LineString","coordinates":[[-74.1845964994371,39.6406405819069],[-74.1849141018619,39.6407921181479]]}},{"type":"Feature","id":267051,"properties":{"OBJECTID":267051,"PRIMENAME":"East 28th Street","ELEVTYP_F":0,"ELEVTYP_T":0},"geometry":{"type":"LineString","coordinates":[[-74.1854260711546,39.6376176648511],[-74.1848020860392,39.6373527314336],[-74.1839307974899,39.6369900403888],[-74.1835246533354,39.6368230489948]]}},{"type":"Feature","id":267350,"properties":{"OBJECTID":267350,"PRIMENAME":"West 18th Street","ELEVTYP_F":0,"ELEVTYP_T":0},"geometry":{"type":"LineString","coordinates":[[-74.1816149020705,39.6443143707614],[-74.1821399259998,39.6445716919566],[-74.1848972186734,39.6459049110572]]}},{"type":"Feature","id":267531,"properties":{"OBJECTID":267531,"PRIMENAME":"Long Beach Boulevard","ELEVTYP_F":0,"ELEVTYP_T":0},"geometry":{"type":"LineString","coordinates":[[-74.1871832428921,39.6351672158157],[-74.1871196379015,39.6352557527017]]}},{"type":"Feature","id":268189,"properties":{"OBJECTID":268189,"PRIMENAME":"West 15th Street","ELEVTYP_F":0,"ELEVTYP_T":0},"geometry":{"type":"LineString","coordinates":[[-74.1834041790603,39.6477476045997],[-74.1801251227749,39.6461547246761]]}},{"type":"Feature","id":268576,"properties":{"OBJECTID":268576,"PRIMENAME":"Unnamed Segment","ELEVTYP_F":0,"ELEVTYP_T":0},"geometry":{"type":"LineString","coordinates":[[-74.1803086027576,39.6436763449573],[-74.1807869615945,39.6430743852505]]}},{"type":"Feature","id":271665,"properties":{"OBJECTID":271665,"PRIMENAME":"East 20th Street","ELEVTYP_F":0,"ELEVTYP_T":0},"geometry":{"type":"LineString","coordinates":[[-74.1797496483688,39.6416931632822],[-74.1812956546225,39.6424460945524]]}},{"type":"Feature","id":272173,"properties":{"OBJECTID":272173,"PRIMENAME":"South Central Avenue","ELEVTYP_F":0,"ELEVTYP_T":0},"geometry":{"type":"LineString","coordinates":[[-74.1736466864995,39.6541351945623],[-74.1735361217407,39.6542701835994],[-74.1731591073759,39.6547347366992]]}},{"type":"Feature","id":273628,"properties":{"OBJECTID":273628,"PRIMENAME":"North Central Avenue","ELEVTYP_F":0,"ELEVTYP_T":0},"geometry":{"type":"LineString","coordinates":[[-74.1716521994466,39.6566020841972],[-74.1712174875683,39.6571463624311],[-74.1711679702048,39.6572069533441]]}},{"type":"Feature","id":274059,"properties":{"OBJECTID":274059,"PRIMENAME":"Penna Avenue","ELEVTYP_F":0,"ELEVTYP_T":0},"geometry":{"type":"LineString","coordinates":[[-74.1814986566335,39.6434185693622],[-74.1816318693641,39.6432318541604],[-74.1819936925038,39.6427860649562]]}},{"type":"Feature","id":274252,"properties":{"OBJECTID":274252,"PRIMENAME":"FR RT 72 WB to FIFTH ST","ELEVTYP_F":0,"ELEVTYP_T":0},"geometry":{"type":"LineString","coordinates":[[-74.1818273442763,39.6529769862722],[-74.1819625266329,39.6530526949361],[-74.1820993833922,39.6531265843837],[-74.1822378735882,39.6531986324943],[-74.1823779557654,39.6532688176986],[-74.182503776463,39.6533296235018],[-74.1826307921402,39.6533889263722],[-74.183177426694,39.653646940253],[-74.183225608707,39.6536697708566]]}},{"type":"Feature","id":276649,"properties":{"OBJECTID":276649,"PRIMENAME":"Third Street","ELEVTYP_F":0,"ELEVTYP_T":0},"geometry":{"type":"LineString","coordinates":[[-74.1882134617579,39.6552517032888],[-74.1880808059914,39.6551315053296],[-74.1880409934048,39.6550909569251],[-74.1880267657706,39.655071836983],[-74.1880158970425,39.6550479493237],[-74.1880080342297,39.6550114951088],[-74.1880054849432,39.6549621508584],[-74.1880112476168,39.6549128568579],[-74.1880225286004,39.6548763991164]]}},{"type":"Feature","id":277051,"properties":{"OBJECTID":277051,"PRIMENAME":"Central Avenue","ELEVTYP_F":0,"ELEVTYP_T":0},"geometry":{"type":"LineString","coordinates":[[-74.1826120471828,39.6430872112564],[-74.1821019994848,39.6437103696026]]}},{"type":"Feature","id":277335,"properties":{"OBJECTID":277335,"PRIMENAME":"West 4th Street","ELEVTYP_F":0,"ELEVTYP_T":0},"geometry":{"type":"LineString","coordinates":[[-74.1746414415075,39.6529249299317],[-74.1740861137201,39.6526618063361]]}},{"type":"Feature","id":278072,"properties":{"OBJECTID":278072,"PRIMENAME":"Drexel Avenue","ELEVTYP_F":0,"ELEVTYP_T":0},"geometry":{"type":"LineString","coordinates":[[-74.1740861137201,39.6526618063361],[-74.1736021772922,39.6532675930926]]}},{"type":"Feature","id":278626,"properties":{"OBJECTID":278626,"PRIMENAME":"Bay Terrace","ELEVTYP_F":0,"ELEVTYP_T":0},"geometry":{"type":"LineString","coordinates":[[-74.1857909938313,39.6480338272491],[-74.1859205204027,39.6480962265716]]}},{"type":"Feature","id":278678,"properties":{"OBJECTID":278678,"PRIMENAME":"South Central Avenue","ELEVTYP_F":0,"ELEVTYP_T":0},"geometry":{"type":"LineString","coordinates":[[-74.1731591073759,39.6547347366992],[-74.1730498568444,39.6548693722538],[-74.1726443510713,39.6553711826714]]}},{"type":"Feature","id":278850,"properties":{"OBJECTID":278850,"PRIMENAME":"North 1st Street","ELEVTYP_F":0,"ELEVTYP_T":0},"geometry":{"type":"LineString","coordinates":[[-74.1753538957432,39.6575561537365],[-74.1733166720923,39.6565600209275],[-74.1729394655693,39.6563779541837],[-74.1721418742003,39.6559929722332]]}},{"type":"Feature","id":280246,"properties":{"OBJECTID":280246,"PRIMENAME":"Central Avenue","ELEVTYP_F":0,"ELEVTYP_T":0},"geometry":{"type":"LineString","coordinates":[[-74.1772010306236,39.6497636500825],[-74.1767219171552,39.6503586193313]]}},{"type":"Feature","id":281225,"properties":{"OBJECTID":281225,"PRIMENAME":"Long Beach Boulevard","ELEVTYP_F":0,"ELEVTYP_T":0},"geometry":{"type":"LineString","coordinates":[[-74.1871196379015,39.6352557527017],[-74.1867723839906,39.6357390741269]]}},{"type":"Feature","id":284411,"properties":{"OBJECTID":284411,"PRIMENAME":"2nd Street","ELEVTYP_F":0,"ELEVTYP_T":0},"geometry":{"type":"LineString","coordinates":[[-74.1887437832486,39.6547159908075],[-74.1886665625792,39.6548116302696],[-74.188619160247,39.6548715749803],[-74.1885772434862,39.6549358184001],[-74.1884347589883,39.6551456334557]]}},{"type":"Feature","id":285749,"properties":{"OBJECTID":285749,"PRIMENAME":"FR LONG BEACH BLVD to RT 72 WB","ELEVTYP_F":0,"ELEVTYP_T":0},"geometry":{"type":"LineString","coordinates":[[-74.1751128150927,39.6504401741562],[-74.1751523156904,39.6504018497519],[-74.1751935640855,39.6503646419338],[-74.1752365074988,39.6503285983085],[-74.1752810909822,39.6502937649934],[-74.1753272574898,39.6502601865569],[-74.1753749479502,39.6502279059619],[-74.1754241013426,39.6501969645108],[-74.1754746547745,39.6501674017923],[-74.17550470801,39.6501568282085],[-74.1755356180879,39.6501478512659],[-74.1755672432516,39.6501405121336],[-74.1755994384649,39.6501348444696],[-74.1756320560775,39.6501308742663],[-74.1756649465019,39.6501286197315],[-74.1756979588996,39.6501280912047],[-74.175730941873,39.6501292911097],[-74.1757684071846,39.6501327715852],[-74.1758054121108,39.6501384813823],[-74.1759058034094,39.6501547120675],[-74.1760054899899,39.6501733586682]]}},{"type":"Feature","id":286343,"properties":{"OBJECTID":286343,"PRIMENAME":"Central Avenue","ELEVTYP_F":0,"ELEVTYP_T":0},"geometry":{"type":"LineString","coordinates":[[-74.17814076535,39.6485968551347],[-74.1780285658774,39.6487358794845],[-74.1776724926755,39.6491780759224]]}},{"type":"Feature","id":286728,"properties":{"OBJECTID":286728,"PRIMENAME":"FR THIRD ST to RT 72 EB","ELEVTYP_F":0,"ELEVTYP_T":0},"geometry":{"type":"LineString","coordinates":[[-74.1880225286004,39.6548763991164],[-74.1879860137906,39.6549084780318],[-74.1879473206,39.6549351978581],[-74.1879328303675,39.6549426136288],[-74.1879183413012,39.6549500285001],[-74.1878871062685,39.6549608996317],[-74.1878567871813,39.654968139545],[-74.1878416288007,39.6549717595018],[-74.1878060956205,39.6549749580847],[-74.1877663507117,39.6549748512506],[-74.187764298688,39.6549745710022],[-74.1877252100091,39.654969249609],[-74.187689766142,39.6549603691864],[-74.1872658443969,39.65483524056]]}},{"type":"Feature","id":286730,"properties":{"OBJECTID":286730,"PRIMENAME":"FR RT 72 WB to SECOND AVE","ELEVTYP_F":0,"ELEVTYP_T":0},"geometry":{"type":"LineString","coordinates":[[-74.1872672938336,39.6549392445696],[-74.1872815224688,39.6549472528573],[-74.1872952306899,39.6549557862916],[-74.1873083860885,39.6549648246984],[-74.187320957563,39.6549743467093],[-74.1873329153922,39.6549843298131],[-74.1873442313059,39.654994750408],[-74.1873548785512,39.6550055838583],[-74.187364831956,39.6550168045519],[-74.1873740679886,39.6550283859615],[-74.1873825648132,39.6550403007067],[-74.1873903023416,39.6550525206193],[-74.1873972622807,39.6550650168095],[-74.1874034281756,39.6550777597341],[-74.1874087854487,39.655090719267],[-74.1874133214341,39.6551038647697],[-74.1874170254075,39.6551171651641],[-74.1874192148766,39.6551270325915],[-74.1874209461427,39.6551369519307],[-74.1874206665391,39.6551495956143],[-74.1874188803604,39.6551621655465],[-74.187415602815,39.6551745546961],[-74.1874108618098,39.6551866575714],[-74.187404697713,39.6551983711182],[-74.1873971630104,39.6552095955975],[-74.1873883218582,39.6552202354342],[-74.187378249537,39.6552302000316],[-74.1873753656179,39.6552327324164],[-74.1873634563348,39.6552420059402],[-74.187350458564,39.655250360564],[-74.1873364904741,39.6552577203319],[-74.1873216790555,39.6552640183328],[-74.1873061589657,39.6552691973085],[-74.1872900713054,39.6552732101743],[-74.1872735623352,39.6552760204474],[-74.1872567821462,39.6552776025781]]}},{"type":"Feature","id":286736,"properties":{"OBJECTID":286736,"PRIMENAME":"FR SECOND AVE to RT 72 WB","ELEVTYP_F":0,"ELEVTYP_T":0},"geometry":{"type":"LineString","coordinates":[[-74.1874912568704,39.6553770724154],[-74.1874859484036,39.6553669043923],[-74.187481682912,39.6553564471062],[-74.1874784864233,39.6553457643674],[-74.1874763784417,39.6553349213619],[-74.1874753718298,39.6553239842535],[-74.1874754727293,39.6553130197803],[-74.1874766805239,39.6553020948475],[-74.1874789878433,39.6552912761185],[-74.1874852355414,39.6552736598427],[-74.1874943898083,39.6552568198463],[-74.1875062956196,39.6552410413054],[-74.1875207513549,39.6552265914211],[-74.1875375122129,39.6552137148942],[-74.1875562943569,39.6552026297813],[-74.1875767797211,39.6551935238025],[-74.1875986213972,39.6551865511622],[-74.1876122242836,39.6551834422005],[-74.187626099618,39.6551811634733],[-74.1876401627294,39.6551797288861],[-74.1876543278012,39.6551791471929],[-74.1876895300135,39.6551804483661],[-74.1877246006847,39.6551831346553],[-74.1877544225556,39.6551865263963],[-74.1877840247787,39.6551909198714],[-74.1878133510649,39.6551963067263],[-74.1878423456499,39.6552026767178],[-74.1878709533998,39.6552100177332],[-74.1878991199164,39.6552183158136],[-74.1879267916404,39.65522755518],[-74.1879539159535,39.6552377182636]]}},{"type":"Feature","id":287653,"properties":{"OBJECTID":287653,"PRIMENAME":"West 14th Street","ELEVTYP_F":0,"ELEVTYP_T":0},"geometry":{"type":"LineString","coordinates":[[-74.182893476404,39.6483760083402],[-74.185262918918,39.6495215450068]]}},{"type":"Feature","id":287977,"properties":{"OBJECTID":287977,"PRIMENAME":"Barnegat Avenue","ELEVTYP_F":0,"ELEVTYP_T":0},"geometry":{"type":"LineString","coordinates":[[-74.1804723313576,39.6513660897969],[-74.179996137085,39.6519477365557]]}},{"type":"Feature","id":288391,"properties":{"OBJECTID":288391,"PRIMENAME":"Bay Terrace","ELEVTYP_F":0,"ELEVTYP_T":0},"geometry":{"type":"LineString","coordinates":[[-74.1873063257887,39.6392656960519],[-74.1870554778696,39.6395802166955],[-74.1869888398259,39.6396637676458]]}},{"type":"Feature","id":288737,"properties":{"OBJECTID":288737,"PRIMENAME":"Bay Terrace","ELEVTYP_F":0,"ELEVTYP_T":0},"geometry":{"type":"LineString","coordinates":[[-74.1777558702085,39.6561270702401],[-74.1773679455491,39.6566086174775],[-74.1772696431655,39.6567306415924]]}},{"type":"Feature","id":290356,"properties":{"OBJECTID":290356,"PRIMENAME":"East 30th Street","ELEVTYP_F":0,"ELEVTYP_T":0},"geometry":{"type":"LineString","coordinates":[[-74.18609397019,39.6366848369673],[-74.1844115150171,39.6359613874721],[-74.1842653922301,39.6358995726955]]}},{"type":"Feature","id":290793,"properties":{"OBJECTID":290793,"PRIMENAME":"West 12th Street","ELEVTYP_F":0,"ELEVTYP_T":0},"geometry":{"type":"LineString","coordinates":[[-74.1775353041119,39.6474635238953],[-74.1777322891793,39.647559010935],[-74.1786297442022,39.6479908979998]]}},{"type":"Feature","id":292828,"properties":{"OBJECTID":292828,"PRIMENAME":"East 18th Street","ELEVTYP_F":0,"ELEVTYP_T":0},"geometry":{"type":"LineString","coordinates":[[-74.1802012997288,39.6438113495969],[-74.1803086027576,39.6436763449573]]}},{"type":"Feature","id":293469,"properties":{"OBJECTID":293469,"PRIMENAME":"West 18th Street","ELEVTYP_F":0,"ELEVTYP_T":0},"geometry":{"type":"LineString","coordinates":[[-74.1805237990126,39.6437796474167],[-74.1810175271547,39.644021595368]]}},{"type":"Feature","id":294162,"properties":{"OBJECTID":294162,"PRIMENAME":"Barnegat Avenue","ELEVTYP_F":0,"ELEVTYP_T":0},"geometry":{"type":"LineString","coordinates":[[-74.1814206871596,39.6501863609677],[-74.1809512753902,39.6507718469114]]}},{"type":"Feature","id":295013,"properties":{"OBJECTID":295013,"PRIMENAME":"Division Avenue","ELEVTYP_F":0,"ELEVTYP_T":0},"geometry":{"type":"LineString","coordinates":[[-74.1726443510713,39.6553711826714],[-74.1734282439938,39.6557510396983],[-74.173778377806,39.6559207055268],[-74.1758582450588,39.6569329558665]]}},{"type":"Feature","id":295045,"properties":{"OBJECTID":295045,"PRIMENAME":"East 31st Street","ELEVTYP_F":0,"ELEVTYP_T":0},"geometry":{"type":"LineString","coordinates":[[-74.1848322860118,39.6355259626936],[-74.1846349414674,39.6354446807963]]}},{"type":"Feature","id":295072,"properties":{"OBJECTID":295072,"PRIMENAME":"West 14th Street","ELEVTYP_F":0,"ELEVTYP_T":0},"geometry":{"type":"LineString","coordinates":[[-74.1785115614974,39.6462551773635],[-74.1786960628514,39.6463462072914],[-74.1796134925953,39.6467881090209]]}},{"type":"Feature","id":298043,"properties":{"OBJECTID":298043,"PRIMENAME":"West 14th Street","ELEVTYP_F":0,"ELEVTYP_T":0},"geometry":{"type":"LineString","coordinates":[[-74.1796134925953,39.6467881090209],[-74.1798366327503,39.6468956078524],[-74.182893476404,39.6483760083402]]}},{"type":"Feature","id":298880,"properties":{"OBJECTID":298880,"PRIMENAME":"West 17th Street","ELEVTYP_F":0,"ELEVTYP_T":0},"geometry":{"type":"LineString","coordinates":[[-74.184406393857,39.6465105881114],[-74.1811264458078,39.644918611982]]}},{"type":"Feature","id":300352,"properties":{"OBJECTID":300352,"PRIMENAME":"Barnegat Avenue","ELEVTYP_F":0,"ELEVTYP_T":0},"geometry":{"type":"LineString","coordinates":[[-74.1834041790603,39.6477476045997],[-74.1830768740215,39.6481515948213],[-74.182893476404,39.6483760083402]]}},{"type":"Feature","id":301200,"properties":{"OBJECTID":301200,"PRIMENAME":"North Long Beach Boulevard","ELEVTYP_F":0,"ELEVTYP_T":0},"geometry":{"type":"LineString","coordinates":[[-74.1710913410617,39.6554858966596],[-74.1709886227979,39.6556126679908],[-74.170600576578,39.6560914035108]]}},{"type":"Feature","id":301871,"properties":{"OBJECTID":301871,"PRIMENAME":"East 26th Street","ELEVTYP_F":0,"ELEVTYP_T":0},"geometry":{"type":"LineString","coordinates":[[-74.1830732554152,39.6381537051209],[-74.1835749616774,39.6383990951725]]}},{"type":"Feature","id":302199,"properties":{"OBJECTID":302199,"PRIMENAME":"South 2nd Street","ELEVTYP_F":0,"ELEVTYP_T":0},"geometry":{"type":"LineString","coordinates":[[-74.1711255319011,39.6529180484523],[-74.1712868215248,39.6529956038873],[-74.1713904238539,39.6530454217998]]}},{"type":"Feature","id":302583,"properties":{"OBJECTID":302583,"PRIMENAME":"Long Beach Boulevard","ELEVTYP_F":0,"ELEVTYP_T":0},"geometry":{"type":"LineString","coordinates":[[-74.1735226543793,39.6523914646425],[-74.1732663404792,39.6527047773105],[-74.1730864379567,39.6529398373489],[-74.1730418022608,39.6529978891914]]}},{"type":"Feature","id":308468,"properties":{"OBJECTID":308468,"PRIMENAME":"Long Beach Boulevard","ELEVTYP_F":0,"ELEVTYP_T":0},"geometry":{"type":"LineString","coordinates":[[-74.1785115614974,39.6462551773635],[-74.1780304871413,39.6468593158487]]}},{"type":"Feature","id":308958,"properties":{"OBJECTID":308958,"PRIMENAME":"West 25th Street","ELEVTYP_F":0,"ELEVTYP_T":0},"geometry":{"type":"LineString","coordinates":[[-74.1850951853526,39.6400146899394],[-74.1840061548806,39.6394857982922]]}},{"type":"Feature","id":309727,"properties":{"OBJECTID":309727,"PRIMENAME":"West 11th Street","ELEVTYP_F":0,"ELEVTYP_T":0},"geometry":{"type":"LineString","coordinates":[[-74.17814076535,39.6485968551347],[-74.1771820873652,39.648132342436],[-74.1770497375102,39.648067866387]]}},{"type":"Feature","id":310761,"properties":{"OBJECTID":310761,"PRIMENAME":"Central Avenue","ELEVTYP_F":0,"ELEVTYP_T":0},"geometry":{"type":"LineString","coordinates":[[-74.1786297442022,39.6479908979998],[-74.17814076535,39.6485968551347]]}},{"type":"Feature","id":311709,"properties":{"OBJECTID":311709,"PRIMENAME":"West 21st Street","ELEVTYP_F":0,"ELEVTYP_T":0},"geometry":{"type":"LineString","coordinates":[[-74.1831214115508,39.6424557842253],[-74.1851980688238,39.6434673111042]]}},{"type":"Feature","id":312505,"properties":{"OBJECTID":312505,"PRIMENAME":"Barnegat Avenue","ELEVTYP_F":0,"ELEVTYP_T":0},"geometry":{"type":"LineString","coordinates":[[-74.1774660611249,39.6551476654693],[-74.1777025983573,39.6548558539022],[-74.1777861421947,39.6547556544157]]}},{"type":"Feature","id":314128,"properties":{"OBJECTID":314128,"PRIMENAME":"Long Beach Boulevard","ELEVTYP_F":0,"ELEVTYP_T":0},"geometry":{"type":"LineString","coordinates":[[-74.1850607751688,39.6381277018775],[-74.1847161546655,39.6385879068167]]}},{"type":"Feature","id":314299,"properties":{"OBJECTID":314299,"PRIMENAME":"East 3rd Street","ELEVTYP_F":0,"ELEVTYP_T":0},"geometry":{"type":"LineString","coordinates":[[-74.1736021772922,39.6532675930926],[-74.1741369001911,39.6535249494458]]}},{"type":"Feature","id":315369,"properties":{"OBJECTID":315369,"PRIMENAME":"East 19th Street","ELEVTYP_F":0,"ELEVTYP_T":0},"geometry":{"type":"LineString","coordinates":[[-74.1810100549638,39.6431822663808],[-74.1807869615945,39.6430743852505]]}},{"type":"Feature","id":316486,"properties":{"OBJECTID":316486,"PRIMENAME":"East 31st Street","ELEVTYP_F":0,"ELEVTYP_T":0},"geometry":{"type":"LineString","coordinates":[[-74.1864313076196,39.636213680936],[-74.1853403201406,39.6357444646602],[-74.1848322860118,39.6355259626936]]}},{"type":"Feature","id":317172,"properties":{"OBJECTID":317172,"PRIMENAME":"First Avenue","ELEVTYP_F":0,"ELEVTYP_T":0},"geometry":{"type":"LineString","coordinates":[[-74.1863370053789,39.6553039773719],[-74.1865909127778,39.655425933159],[-74.1870396463095,39.6556180666649],[-74.1876324726709,39.6558682428628]]}},{"type":"Feature","id":318632,"properties":{"OBJECTID":318632,"PRIMENAME":"West 13th Street","ELEVTYP_F":0,"ELEVTYP_T":0},"geometry":{"type":"LineString","coordinates":[[-74.1791217858508,39.6473887367006],[-74.1787881589059,39.647227338363],[-74.1780304871413,39.6468593158487]]}},{"type":"Feature","id":318638,"properties":{"OBJECTID":318638,"PRIMENAME":"Central Avenue","ELEVTYP_F":0,"ELEVTYP_T":0},"geometry":{"type":"LineString","coordinates":[[-74.1811264458078,39.644918611982],[-74.1806335237662,39.6455267661222]]}},{"type":"Feature","id":319098,"properties":{"OBJECTID":319098,"PRIMENAME":"East 21st Street","ELEVTYP_F":0,"ELEVTYP_T":0},"geometry":{"type":"LineString","coordinates":[[-74.1803036420933,39.6410826557226],[-74.1818065165092,39.6418151439309]]}},{"type":"Feature","id":321239,"properties":{"OBJECTID":321239,"PRIMENAME":"Shore Avenue","ELEVTYP_F":0,"ELEVTYP_T":0},"geometry":{"type":"LineString","coordinates":[[-74.1827188941067,39.6542552438116],[-74.1830767707167,39.6538266693269],[-74.1831848155821,39.6536972796467],[-74.1832055690492,39.6536792426556],[-74.183225608707,39.6536697708566]]}},{"type":"Feature","id":323173,"properties":{"OBJECTID":323173,"PRIMENAME":"West 21st Street","ELEVTYP_F":0,"ELEVTYP_T":0},"geometry":{"type":"LineString","coordinates":[[-74.1851980688238,39.6434673111042],[-74.185586859406,39.6436566632279],[-74.1857109872717,39.6437171160709]]}},{"type":"Feature","id":323601,"properties":{"OBJECTID":323601,"PRIMENAME":"Long Beach Boulevard","ELEVTYP_F":0,"ELEVTYP_T":0},"geometry":{"type":"LineString","coordinates":[[-74.1755368815659,39.649931377837],[-74.1751128150927,39.6504401741562]]}},{"type":"Feature","id":323763,"properties":{"OBJECTID":323763,"PRIMENAME":"East 22nd Street","ELEVTYP_F":0,"ELEVTYP_T":0},"geometry":{"type":"LineString","coordinates":[[-74.1807615016883,39.6404633141249],[-74.1822965776884,39.6412186729664]]}},{"type":"Feature","id":328711,"properties":{"OBJECTID":328711,"PRIMENAME":"West 27th Street","ELEVTYP_F":0,"ELEVTYP_T":0},"geometry":{"type":"LineString","coordinates":[[-74.1887536447156,39.6400016796547],[-74.1885776267112,39.640062515677]]}},{"type":"Feature","id":329694,"properties":{"OBJECTID":329694,"PRIMENAME":"East 5th Street","ELEVTYP_F":0,"ELEVTYP_T":0},"geometry":{"type":"LineString","coordinates":[[-74.1724828231148,39.6510106674401],[-74.174033526073,39.6517589020071]]}},{"type":"Feature","id":330133,"properties":{"OBJECTID":330133,"PRIMENAME":"West 19th Street","ELEVTYP_F":0,"ELEVTYP_T":0},"geometry":{"type":"LineString","coordinates":[[-74.1814986566335,39.6434185693622],[-74.1810100549638,39.6431822663808]]}},{"type":"Feature","id":330381,"properties":{"OBJECTID":330381,"PRIMENAME":"North Bay Avenue","ELEVTYP_F":0,"ELEVTYP_T":0},"geometry":{"type":"LineString","coordinates":[[-74.1861631481724,39.6555298771601],[-74.1861632935652,39.6554977266813],[-74.186174517384,39.6554741462529],[-74.1862135141865,39.6554356494867],[-74.1863370053789,39.6553039773719]]}},{"type":"Feature","id":331772,"properties":{"OBJECTID":331772,"PRIMENAME":"East 33rd Street","ELEVTYP_F":0,"ELEVTYP_T":0},"geometry":{"type":"LineString","coordinates":[[-74.1854483720735,39.6345365764011],[-74.1870127656733,39.635209765422],[-74.1871196379015,39.6352557527017]]}},{"type":"Feature","id":331939,"properties":{"OBJECTID":331939,"PRIMENAME":"West 23rd Street","ELEVTYP_F":0,"ELEVTYP_T":0},"geometry":{"type":"LineString","coordinates":[[-74.1857643589264,39.6420470157702],[-74.1854465074793,39.6418939949433],[-74.1846592544008,39.6415149846714],[-74.1842591201418,39.6413225026344],[-74.1841037488364,39.6412477627253]]}},{"type":"Feature","id":332006,"properties":{"OBJECTID":332006,"PRIMENAME":"West 28th Street","ELEVTYP_F":0,"ELEVTYP_T":0},"geometry":{"type":"LineString","coordinates":[[-74.1854260711546,39.6376176648511],[-74.1857693315027,39.6377700375491],[-74.1865547539833,39.6381059889478]]}},{"type":"Feature","id":333549,"properties":{"OBJECTID":333549,"PRIMENAME":"Barnegat Avenue","ELEVTYP_F":0,"ELEVTYP_T":0},"geometry":{"type":"LineString","coordinates":[[-74.1789353544638,39.6532578575291],[-74.1788784443329,39.653329111676],[-74.1784378636071,39.6538690360251]]}},{"type":"Feature","id":334116,"properties":{"OBJECTID":334116,"PRIMENAME":"Barnegat Avenue","ELEVTYP_F":0,"ELEVTYP_T":0},"geometry":{"type":"LineString","coordinates":[[-74.1856165857458,39.6450364450517],[-74.1853831621087,39.6453087730251]]}},{"type":"Feature","id":336078,"properties":{"OBJECTID":336078,"PRIMENAME":"West 11th Street","ELEVTYP_F":0,"ELEVTYP_T":0},"geometry":{"type":"LineString","coordinates":[[-74.1847346555352,39.6517966217042],[-74.1821616905427,39.6505455286834],[-74.1814206871596,39.6501863609677]]}},{"type":"Feature","id":337797,"properties":{"OBJECTID":337797,"PRIMENAME":"West 7th Street","ELEVTYP_F":0,"ELEVTYP_T":0},"geometry":{"type":"LineString","coordinates":[[-74.1761431566361,39.651062909835],[-74.1764331719355,39.6512033829996],[-74.1794191389959,39.6526516634463]]}},{"type":"Feature","id":338527,"properties":{"OBJECTID":338527,"PRIMENAME":"West 7th Street","ELEVTYP_F":0,"ELEVTYP_T":0},"geometry":{"type":"LineString","coordinates":[[-74.1794191389959,39.6526516634463],[-74.1797185215112,39.6527968769324],[-74.1827188941067,39.6542552438116]]}},{"type":"Feature","id":338865,"properties":{"OBJECTID":338865,"PRIMENAME":"Central Avenue","ELEVTYP_F":0,"ELEVTYP_T":0},"geometry":{"type":"LineString","coordinates":[[-74.1746414415075,39.6529249299317],[-74.1741643821739,39.6534890059962],[-74.1741441637615,39.6535154505772],[-74.1741369001911,39.6535249494458]]}},{"type":"Feature","id":339641,"properties":{"OBJECTID":339641,"PRIMENAME":"West 12th Street","ELEVTYP_F":0,"ELEVTYP_T":0},"geometry":{"type":"LineString","coordinates":[[-74.1817185619863,39.6498148016413],[-74.1847768946509,39.6513002472174],[-74.1850340457353,39.6514251409476]]}},{"type":"Feature","id":344544,"properties":{"OBJECTID":344544,"PRIMENAME":"Bay Terrace","ELEVTYP_F":0,"ELEVTYP_T":0},"geometry":{"type":"LineString","coordinates":[[-74.1877259615369,39.6448926235911],[-74.1874660416557,39.6447671841938]]}},{"type":"Feature","id":345732,"properties":{"OBJECTID":345732,"PRIMENAME":"Long Beach Boulevard","ELEVTYP_F":0,"ELEVTYP_T":0},"geometry":{"type":"LineString","coordinates":[[-74.1760302629537,39.6493250054526],[-74.1758305440226,39.6495710786894]]}},{"type":"Feature","id":345899,"properties":{"OBJECTID":345899,"PRIMENAME":"North Long Beach Boulevard","ELEVTYP_F":0,"ELEVTYP_T":0},"geometry":{"type":"LineString","coordinates":[[-74.170600576578,39.6560914035108],[-74.1701094458604,39.6566973746687]]}},{"type":"Feature","id":345988,"properties":{"OBJECTID":345988,"PRIMENAME":"East 29th Street","ELEVTYP_F":0,"ELEVTYP_T":0},"geometry":{"type":"LineString","coordinates":[[-74.1857683852154,39.6371395785165],[-74.1851415143218,39.636877109894],[-74.1838973735618,39.6363368143654]]}},{"type":"Feature","id":347500,"properties":{"OBJECTID":347500,"PRIMENAME":"East 3rd Street","ELEVTYP_F":0,"ELEVTYP_T":0},"geometry":{"type":"LineString","coordinates":[[-74.1715872368046,39.6522930184236],[-74.1730418022608,39.6529978891914]]}},{"type":"Feature","id":350674,"properties":{"OBJECTID":350674,"PRIMENAME":"Barnegat Avenue","ELEVTYP_F":0,"ELEVTYP_T":0},"geometry":{"type":"LineString","coordinates":[[-74.1776812036207,39.6547057241089],[-74.1775973989669,39.6548083665618],[-74.1773852191473,39.655065281627],[-74.1773593749516,39.6550965743452]]}},{"type":"Feature","id":350758,"properties":{"OBJECTID":350758,"PRIMENAME":"State Highway 72","ELEVTYP_F":0,"ELEVTYP_T":0},"geometry":{"type":"LineString","coordinates":[[-74.1836967135821,39.65346898328],[-74.1837905285197,39.6534899949649],[-74.1840105801584,39.6535407824496]]}},{"type":"Feature","id":351556,"properties":{"OBJECTID":351556,"PRIMENAME":"South Barnegat Avenue","ELEVTYP_F":0,"ELEVTYP_T":0},"geometry":{"type":"LineString","coordinates":[[-74.1763742513983,39.6562987782066],[-74.1759842856218,39.6567771966735],[-74.1758582450588,39.6569329558665]]}},{"type":"Feature","id":352239,"properties":{"OBJECTID":352239,"PRIMENAME":"State Highway 72","ELEVTYP_F":0,"ELEVTYP_T":0},"geometry":{"type":"LineString","coordinates":[[-74.1829715154481,39.6525725688236],[-74.1828192583887,39.6524935211627],[-74.1828038066096,39.6524859287829]]}},{"type":"Feature","id":353562,"properties":{"OBJECTID":353562,"PRIMENAME":"West 9th Street","ELEVTYP_F":0,"ELEVTYP_T":0},"geometry":{"type":"LineString","coordinates":[[-74.1804723313576,39.6513660897969],[-74.1801013390369,39.651184797377],[-74.1788831895015,39.6505915866026],[-74.1780341841264,39.6501816902372],[-74.1772010306236,39.6497636500825]]}},{"type":"Feature","id":356680,"properties":{"OBJECTID":356680,"PRIMENAME":"East Bay Avenue","ELEVTYP_F":0,"ELEVTYP_T":0},"geometry":{"type":"LineString","coordinates":[[-74.1855781621629,39.654193232528],[-74.1870033354378,39.6548249511658],[-74.1872672938336,39.6549392445696]]}},{"type":"Feature","id":357296,"properties":{"OBJECTID":357296,"PRIMENAME":"West 9th Street","ELEVTYP_F":0,"ELEVTYP_T":0},"geometry":{"type":"LineString","coordinates":[[-74.1763872472561,39.6493738580596],[-74.1763269830911,39.6493511458732],[-74.1762399192704,39.6493313548945],[-74.1761491525652,39.6493210259404],[-74.1760302629537,39.6493250054526]]}},{"type":"Feature","id":358860,"properties":{"OBJECTID":358860,"PRIMENAME":"West 8th Street","ELEVTYP_F":0,"ELEVTYP_T":0},"geometry":{"type":"LineString","coordinates":[[-74.1760054899899,39.6501733586682],[-74.1760336985721,39.6501844644755],[-74.1760617816233,39.650195754582],[-74.1760897391393,39.6502072298885],[-74.1761175699549,39.650218890392],[-74.1761452705917,39.6502307324798],[-74.1761728422107,39.650242757056],[-74.176200276664,39.6502549622963],[-74.1762275774472,39.6502673482107],[-74.1762547399082,39.6502799129848],[-74.1762817640429,39.6502926575194],[-74.1763086452072,39.6503055781985]]}},{"type":"Feature","id":361103,"properties":{"OBJECTID":361103,"PRIMENAME":"State Highway 72","ELEVTYP_F":0,"ELEVTYP_T":0},"geometry":{"type":"LineString","coordinates":[[-74.1838075265585,39.6531812799921],[-74.1836030021194,39.653028318694],[-74.183558161759,39.652992861465]]}},{"type":"Feature","id":361826,"properties":{"OBJECTID":361826,"PRIMENAME":"State Highway 72","ELEVTYP_F":0,"ELEVTYP_T":0},"geometry":{"type":"LineString","coordinates":[[-74.1833020703025,39.6533838128288],[-74.183499470558,39.6534248473248],[-74.1836967135821,39.65346898328]]}},{"type":"Feature","id":362806,"properties":{"OBJECTID":362806,"PRIMENAME":"East Bay Avenue","ELEVTYP_F":0,"ELEVTYP_T":0},"geometry":{"type":"LineString","coordinates":[[-74.1879539159535,39.6552377182636],[-74.1880947144502,39.6552996923024],[-74.1890689470209,39.6557284959758],[-74.1893943215484,39.6558717048314],[-74.1903775249113,39.6563033183587],[-74.1911668142927,39.6566522064445],[-74.1918730652033,39.6569614984298],[-74.1927362869905,39.6573427228021],[-74.1931271537232,39.6575185362256]]}},{"type":"Feature","id":364964,"properties":{"OBJECTID":364964,"PRIMENAME":"State Highway 72","ELEVTYP_F":0,"ELEVTYP_T":0},"geometry":{"type":"LineString","coordinates":[[-74.1818273442763,39.6529769862722],[-74.1820397324432,39.6530562268702],[-74.182219795728,39.65312104753],[-74.1824183963748,39.6531788079846]]}},{"type":"Feature","id":365539,"properties":{"OBJECTID":365539,"PRIMENAME":"State Highway 72","ELEVTYP_F":0,"ELEVTYP_T":0},"geometry":{"type":"LineString","coordinates":[[-74.1799053409203,39.6520586529808],[-74.179968694165,39.6520894660602],[-74.1808398075989,39.6525131383535],[-74.1815827657261,39.6528690479552],[-74.1818273442763,39.6529769862722]]}},{"type":"Feature","id":367557,"properties":{"OBJECTID":367557,"PRIMENAME":"South Barnegat Avenue","ELEVTYP_F":0,"ELEVTYP_T":0},"geometry":{"type":"LineString","coordinates":[[-74.1768643438357,39.6556974723197],[-74.1763742513983,39.6562987782066]]}},{"type":"Feature","id":371457,"properties":{"OBJECTID":371457,"PRIMENAME":"West 9th Street","ELEVTYP_F":0,"ELEVTYP_T":0},"geometry":{"type":"LineString","coordinates":[[-74.1828038066096,39.6524859287829],[-74.1827326834022,39.6524509209964],[-74.1824685653726,39.6523209678901],[-74.1818409402581,39.6520332486855],[-74.1811534035891,39.6516989075516],[-74.1804723313576,39.6513660897969]]}},{"type":"Feature","id":372317,"properties":{"OBJECTID":372317,"PRIMENAME":"East Bay Avenue","ELEVTYP_F":0,"ELEVTYP_T":0},"geometry":{"type":"LineString","coordinates":[[-74.1848022905992,39.6537513562869],[-74.1847421625758,39.653724935906],[-74.1845529232668,39.6536385966639],[-74.184428338803,39.6535810968237],[-74.1842945849285,39.6535092399103],[-74.1841469376061,39.6534230409692],[-74.1841441691286,39.6534211940858],[-74.1839855717728,39.653315333964],[-74.1838590305389,39.653219747591]]}},{"type":"Feature","id":373176,"properties":{"OBJECTID":373176,"PRIMENAME":"State Highway 72","ELEVTYP_F":0,"ELEVTYP_T":0},"geometry":{"type":"LineString","coordinates":[[-74.183558161759,39.652992861465],[-74.1833126605426,39.6527987150805],[-74.1832918987043,39.6527849425746],[-74.1831882278714,39.6527161749466],[-74.1829715154481,39.6525725688236]]}},{"type":"Feature","id":377472,"properties":{"OBJECTID":377472,"PRIMENAME":"East Bay Avenue","ELEVTYP_F":0,"ELEVTYP_T":0},"geometry":{"type":"LineString","coordinates":[[-74.1840105801584,39.6535407824496],[-74.1842985652124,39.6536415023384],[-74.1845386327103,39.6537351185867],[-74.1847939921706,39.6538453444443],[-74.1848801821546,39.6538825464618],[-74.1854940844159,39.6541559628864],[-74.1855781621629,39.654193232528]]}},{"type":"Feature","id":377608,"properties":{"OBJECTID":377608,"PRIMENAME":"East Bay Avenue","ELEVTYP_F":0,"ELEVTYP_T":0},"geometry":{"type":"LineString","coordinates":[[-74.1882134617579,39.6552517032888],[-74.1879084975449,39.6551169851927],[-74.1877335254027,39.655040276281],[-74.1872658443969,39.65483524056]]}},{"type":"Feature","id":380484,"properties":{"OBJECTID":380484,"PRIMENAME":"West 9th Street","ELEVTYP_F":0,"ELEVTYP_T":0},"geometry":{"type":"LineString","coordinates":[[-74.1772010306236,39.6497636500825],[-74.1768161532918,39.649570558113],[-74.1764608566063,39.6494015976089],[-74.1763872472561,39.6493738580596]]}},{"type":"Feature","id":381861,"properties":{"OBJECTID":381861,"PRIMENAME":"State Highway 72","ELEVTYP_F":0,"ELEVTYP_T":0},"geometry":{"type":"LineString","coordinates":[[-74.1838590305389,39.653219747591],[-74.1838075265585,39.6531812799921]]}},{"type":"Feature","id":387785,"properties":{"OBJECTID":387785,"PRIMENAME":"State Highway 72","ELEVTYP_F":0,"ELEVTYP_T":0},"geometry":{"type":"LineString","coordinates":[[-74.1824183963748,39.6531788079846],[-74.1826909314536,39.6532474765513],[-74.1831159196568,39.6533451425619],[-74.1833020703025,39.6533838128288]]}},{"type":"Feature","id":388814,"properties":{"OBJECTID":388814,"PRIMENAME":"8th Street","ELEVTYP_F":0,"ELEVTYP_T":0},"geometry":{"type":"LineString","coordinates":[[-74.1755368815659,39.649931377837],[-74.1755831624883,39.6499562393282],[-74.1756295734647,39.6499809552407],[-74.1756761168339,39.6500055237793],[-74.1757227856043,39.6500299449243],[-74.1757695879282,39.6500542195991],[-74.1758165145005,39.6500783441745],[-74.175863569965,39.6501023222664],[-74.1759107508469,39.650126149361],[-74.1759580594556,39.6501498299686],[-74.1760054899899,39.6501733586682]]}},{"type":"Feature","id":389400,"properties":{"OBJECTID":389400,"PRIMENAME":"East Bay Avenue","ELEVTYP_F":0,"ELEVTYP_T":0},"geometry":{"type":"LineString","coordinates":[[-74.1872672938336,39.6549392445696],[-74.187721121954,39.6551357993017],[-74.1877925879688,39.6551667515194],[-74.1879539159535,39.6552377182636]]}},{"type":"Feature","id":392857,"properties":{"OBJECTID":392857,"PRIMENAME":"South Barnegat Avenue","ELEVTYP_F":0,"ELEVTYP_T":0},"geometry":{"type":"LineString","coordinates":[[-74.1773593749516,39.6550965743452],[-74.1769611173643,39.6555787779899],[-74.1768643438357,39.6556974723197]]}},{"type":"Feature","id":393350,"properties":{"OBJECTID":393350,"PRIMENAME":"East Bay Avenue","ELEVTYP_F":0,"ELEVTYP_T":0},"geometry":{"type":"LineString","coordinates":[[-74.1870678983226,39.6547484703333],[-74.1863576161878,39.6544371339862],[-74.1861026282296,39.6543243823367],[-74.1856441709208,39.6541216565362]]}},{"type":"Feature","id":395609,"properties":{"OBJECTID":395609,"PRIMENAME":"West 8th Street","ELEVTYP_F":0,"ELEVTYP_T":0},"geometry":{"type":"LineString","coordinates":[[-74.1766279406313,39.650472956272],[-74.177102216421,39.6507045977888],[-74.1794277806212,39.6518264373878],[-74.1799053409203,39.6520586529808]]}},{"type":"Feature","id":399207,"properties":{"OBJECTID":399207,"PRIMENAME":"East Bay Avenue","ELEVTYP_F":0,"ELEVTYP_T":0},"geometry":{"type":"LineString","coordinates":[[-74.1872658443969,39.65483524056],[-74.187069883646,39.6547493269016],[-74.1870678983226,39.6547484703333]]}},{"type":"Feature","id":399435,"properties":{"OBJECTID":399435,"PRIMENAME":"East Bay Avenue","ELEVTYP_F":0,"ELEVTYP_T":0},"geometry":{"type":"LineString","coordinates":[[-74.1856441709208,39.6541216565362],[-74.1853652630645,39.6539983230354],[-74.1849959677464,39.6538364614042],[-74.1848022905992,39.6537513562869]]}},{"type":"Feature","id":399872,"properties":{"OBJECTID":399872,"PRIMENAME":"West 8th Street","ELEVTYP_F":0,"ELEVTYP_T":0},"geometry":{"type":"LineString","coordinates":[[-74.1763086452072,39.6503055781985],[-74.1764839292536,39.6504025984862],[-74.1766279406313,39.650472956272]]}},{"type":"Feature","id":400247,"properties":{"OBJECTID":400247,"PRIMENAME":"East Bay Avenue","ELEVTYP_F":0,"ELEVTYP_T":0},"geometry":{"type":"LineString","coordinates":[[-74.1954201538669,39.6579809054813],[-74.1952543531394,39.6579141943855],[-74.1950051308454,39.6578141961881],[-74.1949404088921,39.657788228421],[-74.1945294144361,39.6576405926139],[-74.19423386937,39.6575396854584],[-74.1938136255364,39.6573956186044],[-74.1933656122911,39.6572585884295],[-74.1927651947016,39.6570711026993],[-74.1922710027969,39.6569196411528],[-74.1918184017584,39.6567611223081],[-74.1914444034454,39.6566278778174],[-74.1910196699018,39.6564658610683],[-74.1905025972432,39.6562536279235],[-74.1899532837506,39.6560161850849],[-74.1892839815088,39.6557248261282],[-74.1891290980303,39.655656368187],[-74.1891174061505,39.6556512016537],[-74.1884946759525,39.655375951295],[-74.1883428852108,39.6553088832662],[-74.1882473506191,39.6552667027533],[-74.1882134617579,39.6552517032888]]}}]}
